name,price,change,detail_url,number,item_name,item_code,base_price,ratio,value,industry_info,industry_frequency,industry_source,industry_update_date,parsed_date
RISE 코리아밸류업위클리고정커버드콜,"12,720",상승 395,https://riseetf.co.kr/prod/finderDetail/44J2,25,HMM,KR7011200003,217,0.69,"4,383,400",Freight Index: BDI(Baltic Dry Index) (일)-Baltic Dry Index,DAILY,언론보도 취합,2025-11-11,2025-11-11
RISE 코리아밸류업위클리고정커버드콜,"12,720",상승 395,https://riseetf.co.kr/prod/finderDetail/44J2,32,코웨이,KR7021240007,38,0.55,"3,473,200",코웨이 국내 환경가전사업 현황 (분기)-국내 렌탈 계정현황,QUARTER,코웨이 IR,2025-11-07,2025-11-07
RISE 코리아밸류업위클리고정커버드콜,"12,720",상승 395,https://riseetf.co.kr/prod/finderDetail/44J2,33,한진칼,KR7180640005,33,0.53,"3,395,700",인천국제공항 여객 통계: 전체 (월)-전체 여객,MONTHLY,인천국제공항,2025-11-07,2025-11-07
RISE 코리아밸류업위클리고정커버드콜,"12,720",상승 395,https://riseetf.co.kr/prod/finderDetail/44J2,99,케이카,KR7381970003,10,0.02,"157,700",한국 수입차 판매: 브랜드별 (월)-한국 수입차 판매 계,MONTHLY,"각 사 보도자료, 한국수입자동차협회",2025-11-10,2025-11-10
RISE 코리아밸류업,"16,915",상승 545,https://riseetf.co.kr/prod/finderDetail/44H7,24,HMM,KR7011200003,312,0.75,"6,302,400",Freight Index: BDI(Baltic Dry Index) (일)-Baltic Dry Index,DAILY,언론보도 취합,2025-11-11,2025-11-11
RISE 코리아밸류업,"16,915",상승 545,https://riseetf.co.kr/prod/finderDetail/44H7,32,코웨이,KR7021240007,50,0.54,"4,570,000",코웨이 국내 환경가전사업 현황 (분기)-국내 렌탈 계정현황,QUARTER,코웨이 IR,2025-11-07,2025-11-07
RISE 코리아밸류업,"16,915",상승 545,https://riseetf.co.kr/prod/finderDetail/44H7,33,한진칼,KR7180640005,43,0.52,"4,424,700",인천국제공항 여객 통계: 전체 (월)-전체 여객,MONTHLY,인천국제공항,2025-11-07,2025-11-07
RISE 코리아밸류업,"16,915",상승 545,https://riseetf.co.kr/prod/finderDetail/44H7,98,케이카,KR7381970003,12,0.02,"189,240",한국 수입차 판매: 브랜드별 (월)-한국 수입차 판매 계,MONTHLY,"각 사 보도자료, 한국수입자동차협회",2025-11-10,2025-11-10
RISE 글로벌원자력,"40,775","상승 1,475",https://riseetf.co.kr/prod/finderDetail/44D6,17,산일전기,KR7062040001,141,1.05,"20,825,700",산일전기 수주현황 (분기)-신규수주,QUARTER,IR자료,2025-11-05,2025-11-05
RISE 플랫폼테마,"7,495",상승 125,https://riseetf.co.kr/prod/finderDetail/44C9,10,갤럭시아머니트리,KR7094480001,745,4.6,"6,906,150",신용카드 이용건수 및 금액 (월)-이용건수,MONTHLY,한국은행,2025-11-10,2025-11-10
RISE 컨택트대표,"7,200",상승 180,https://riseetf.co.kr/prod/finderDetail/44B8,18,아시아나항공,KR7020560009,401,2.4,"3,448,600",인천국제공항 여객 통계: 전체 (월)-전체 여객,MONTHLY,인천국제공항,2025-11-07,2025-11-07
RISE 5G테크,"20,795",상승 740,https://riseetf.co.kr/prod/finderDetail/44A7,18,와이솔,KR7122990005,387,0.21,"2,186,550","베트남 IT제품 수출 금액 (월)-Telephones, mobile phones and parts thereof",MONTHLY,베트남 관세청,2025-11-06,2025-11-06
RISE IT플러스,"24,015",상승 660,https://riseetf.co.kr/prod/finderDetail/4496,15,엔씨소프트,KR7036570000,21,0.99,"4,767,000",엔씨소프트 게임별 매출액 (분기)-리니지,QUARTER,엔씨소프트 IR,2025-11-11,2025-11-11
RISE IT플러스,"24,015",상승 660,https://riseetf.co.kr/prod/finderDetail/4496,60,카카오게임즈,KR7293490009,42,0.15,"698,040","카카오게임즈 부문별 매출액 (분기)-PC 게임(검은사막, 배틀그라운드 외)",QUARTER,카카오게임즈 IR,2025-11-05,2025-11-05
RISE 내수주플러스,"10,335",상승 120,https://riseetf.co.kr/prod/finderDetail/4497,1,한국전력,KR7015760002,400,8.97,"18,500,000",해외건설 수주통계: 업체별 (주)-전체,WEEKLY,국토교통부,2025-11-10,2025-11-10
RISE 내수주플러스,"10,335",상승 120,https://riseetf.co.kr/prod/finderDetail/4497,10,코웨이,KR7021240007,71,3.15,"6,489,400",코웨이 국내 환경가전사업 현황 (분기)-국내 렌탈 계정현황,QUARTER,코웨이 IR,2025-11-07,2025-11-07
RISE 내수주플러스,"10,335",상승 120,https://riseetf.co.kr/prod/finderDetail/4497,58,스튜디오드래곤,KR7253450001,18,0.35,"726,300",스튜디오드래곤 주요 드라마 라인업 (분기)-스튜디오드래곤,QUARTER,스튜디오드래곤,2025-11-06,2025-11-06
RISE 코스피,"42,205","상승 1,245",https://riseetf.co.kr/prod/finderDetail/4489,13,한화오션,KR7042660001,198,1.22,"25,660,800",탱커 신조선가 (주)-VLCC(320K),WEEKLY,한국해양진흥공사,2025-11-10,2025-11-10
RISE 코스피,"42,205","상승 1,245",https://riseetf.co.kr/prod/finderDetail/4489,20,한국전력,KR7015760002,421,0.92,"19,471,250",해외건설 수주통계: 업체별 (주)-전체,WEEKLY,국토교통부,2025-11-10,2025-11-10
RISE 코스피,"42,205","상승 1,245",https://riseetf.co.kr/prod/finderDetail/4489,27,삼성중공업,KR7010140002,570,0.73,"15,418,500",탱커 신조선가 (주)-VLCC(320K),WEEKLY,한국해양진흥공사,2025-11-10,2025-11-10
RISE 코스피,"42,205","상승 1,245",https://riseetf.co.kr/prod/finderDetail/4489,30,HMM,KR7011200003,669,0.64,"13,513,800",Freight Index: BDI(Baltic Dry Index) (일)-Baltic Dry Index,DAILY,언론보도 취합,2025-11-11,2025-11-11
RISE 코스피,"42,205","상승 1,245",https://riseetf.co.kr/prod/finderDetail/4489,68,HD현대미포,KR7010620003,26,0.26,"5,538,000",탱커 신조선가 (주)-VLCC(320K),WEEKLY,한국해양진흥공사,2025-11-10,2025-11-10
RISE 코스피,"42,205","상승 1,245",https://riseetf.co.kr/prod/finderDetail/4489,79,카카오페이,KR7377300009,88,0.21,"4,532,000",신용카드 이용건수 및 금액 (월)-이용건수,MONTHLY,한국은행,2025-11-10,2025-11-10
RISE 코스피,"42,205","상승 1,245",https://riseetf.co.kr/prod/finderDetail/4489,80,한진칼,KR7180640005,41,0.2,"4,218,900",인천국제공항 여객 통계: 전체 (월)-전체 여객,MONTHLY,인천국제공항,2025-11-07,2025-11-07
RISE 코스피,"42,205","상승 1,245",https://riseetf.co.kr/prod/finderDetail/4489,83,삼성카드,KR7029780004,77,0.19,"4,004,000",신용카드 이용건수 및 금액 (월)-이용건수,MONTHLY,한국은행,2025-11-10,2025-11-10
RISE 코스피,"42,205","상승 1,245",https://riseetf.co.kr/prod/finderDetail/4489,84,코웨이,KR7021240007,44,0.19,"4,021,600",코웨이 국내 환경가전사업 현황 (분기)-국내 렌탈 계정현황,QUARTER,코웨이 IR,2025-11-07,2025-11-07
RISE 코스피,"42,205","상승 1,245",https://riseetf.co.kr/prod/finderDetail/4489,92,엔씨소프트,KR7036570000,15,0.16,"3,405,000",엔씨소프트 게임별 매출액 (분기)-리니지,QUARTER,엔씨소프트 IR,2025-11-11,2025-11-11
RISE 코스피,"42,205","상승 1,245",https://riseetf.co.kr/prod/finderDetail/4489,100,산일전기,KR7062040001,20,0.14,"2,954,000",산일전기 수주현황 (분기)-신규수주,QUARTER,IR자료,2025-11-05,2025-11-05
RISE 코스피,"42,205","상승 1,245",https://riseetf.co.kr/prod/finderDetail/4489,144,대한조선,KR7439260001,25,0.07,"1,505,000",탱커 신조선가 (주)-VLCC(320K),WEEKLY,한국해양진흥공사,2025-11-10,2025-11-10
RISE 코스피,"42,205","상승 1,245",https://riseetf.co.kr/prod/finderDetail/4489,159,팬오션,KR7028670008,356,0.06,"1,363,480",Freight Index: BDI(Baltic Dry Index) (일)-Baltic Dry Index,DAILY,언론보도 취합,2025-11-11,2025-11-11
RISE 코스피,"42,205","상승 1,245",https://riseetf.co.kr/prod/finderDetail/4489,187,아시아나항공,KR7020560009,134,0.05,"1,152,400",인천국제공항 여객 통계: 전체 (월)-전체 여객,MONTHLY,인천국제공항,2025-11-07,2025-11-07
RISE 코스피,"42,205","상승 1,245",https://riseetf.co.kr/prod/finderDetail/4489,227,코오롱모빌리티그룹,KR7450140009,45,0.03,"590,850",한국 수입차 판매: 브랜드별 (월)-한국 수입차 판매 계,MONTHLY,"각 사 보도자료, 한국수입자동차협회",2025-11-10,2025-11-10
RISE 코스피,"42,205","상승 1,245",https://riseetf.co.kr/prod/finderDetail/4489,252,NICE,KR7034310003,25,0.02,"359,500",신용카드 이용건수 및 금액 (월)-이용건수,MONTHLY,한국은행,2025-11-10,2025-11-10
RISE 코스피,"42,205","상승 1,245",https://riseetf.co.kr/prod/finderDetail/4489,273,대한해운,KR7005880000,212,0.02,"392,200",Freight Index: BDI(Baltic Dry Index) (일)-Baltic Dry Index,DAILY,언론보도 취합,2025-11-11,2025-11-11
RISE 코스피,"42,205","상승 1,245",https://riseetf.co.kr/prod/finderDetail/4489,283,코오롱,KR7002020006,9,0.02,"426,600",한국 수입차 판매: 브랜드별 (월)-한국 수입차 판매 계,MONTHLY,"각 사 보도자료, 한국수입자동차협회",2025-11-10,2025-11-10
RISE 코스피,"42,205","상승 1,245",https://riseetf.co.kr/prod/finderDetail/4489,297,케이카,KR7381970003,31,0.02,"488,870",한국 수입차 판매: 브랜드별 (월)-한국 수입차 판매 계,MONTHLY,"각 사 보도자료, 한국수입자동차협회",2025-11-10,2025-11-10
RISE 코스피,"42,205","상승 1,245",https://riseetf.co.kr/prod/finderDetail/4489,314,쿠쿠홈시스,KR7284740008,15,0.02,"357,000",코웨이 국내 환경가전사업 현황 (분기)-국내 렌탈 계정현황,QUARTER,코웨이 IR,2025-11-07,2025-11-07
RISE 코스피,"42,205","상승 1,245",https://riseetf.co.kr/prod/finderDetail/4489,351,흥아해운,KR7003280005,160,0.01,"270,880",Freight Index: BDI(Baltic Dry Index) (일)-Baltic Dry Index,DAILY,언론보도 취합,2025-11-11,2025-11-11
RISE 코스피,"42,205","상승 1,245",https://riseetf.co.kr/prod/finderDetail/4489,394,한국공항,KR7005430004,2,0.01,"118,800",인천국제공항 여객 통계: 전체 (월)-전체 여객,MONTHLY,인천국제공항,2025-11-07,2025-11-07
RISE 코스피,"42,205","상승 1,245",https://riseetf.co.kr/prod/finderDetail/4489,436,KSS해운,KR7044450005,15,0.01,"136,350",Freight Index: BDI(Baltic Dry Index) (일)-Baltic Dry Index,DAILY,언론보도 취합,2025-11-11,2025-11-11
RISE 코스피,"42,205","상승 1,245",https://riseetf.co.kr/prod/finderDetail/4489,703,인터지스,KR7129260006,20,-,"51,600",Freight Index: BDI(Baltic Dry Index) (일)-Baltic Dry Index,DAILY,언론보도 취합,2025-11-11,2025-11-11
RISE 게임테마,"8,080",상승 320,https://riseetf.co.kr/prod/finderDetail/4488,2,엔씨소프트,KR7036570000,170,9.58,"38,590,000",엔씨소프트 게임별 매출액 (분기)-리니지,QUARTER,엔씨소프트 IR,2025-11-11,2025-11-11
RISE 게임테마,"8,080",상승 320,https://riseetf.co.kr/prod/finderDetail/4488,6,카카오게임즈,KR7293490009,"1,811",7.47,"30,098,820","카카오게임즈 부문별 매출액 (분기)-PC 게임(검은사막, 배틀그라운드 외)",QUARTER,카카오게임즈 IR,2025-11-05,2025-11-05
RISE 200TR,"32,535",상승 970,https://riseetf.co.kr/prod/finderDetail/44A5,22,삼성중공업,KR7010140002,565,0.94,"15,283,250",탱커 신조선가 (주)-VLCC(320K),WEEKLY,한국해양진흥공사,2025-11-10,2025-11-10
RISE 200TR,"32,535",상승 970,https://riseetf.co.kr/prod/finderDetail/44A5,27,한화오션,KR7042660001,97,0.77,"12,571,200",탱커 신조선가 (주)-VLCC(320K),WEEKLY,한국해양진흥공사,2025-11-10,2025-11-10
RISE 200TR,"32,535",상승 970,https://riseetf.co.kr/prod/finderDetail/44A5,28,한국전력,KR7015760002,269,0.76,"12,441,250",해외건설 수주통계: 업체별 (주)-전체,WEEKLY,국토교통부,2025-11-10,2025-11-10
RISE 200TR,"32,535",상승 970,https://riseetf.co.kr/prod/finderDetail/44A5,53,HMM,KR7011200003,267,0.33,"5,393,400",Freight Index: BDI(Baltic Dry Index) (일)-Baltic Dry Index,DAILY,언론보도 취합,2025-11-11,2025-11-11
RISE 200TR,"32,535",상승 970,https://riseetf.co.kr/prod/finderDetail/44A5,62,코웨이,KR7021240007,47,0.26,"4,295,800",코웨이 국내 환경가전사업 현황 (분기)-국내 렌탈 계정현황,QUARTER,코웨이 IR,2025-11-07,2025-11-07
RISE 200TR,"32,535",상승 970,https://riseetf.co.kr/prod/finderDetail/44A5,63,HD현대미포,KR7010620003,20,0.26,"4,260,000",탱커 신조선가 (주)-VLCC(320K),WEEKLY,한국해양진흥공사,2025-11-10,2025-11-10
RISE 200TR,"32,535",상승 970,https://riseetf.co.kr/prod/finderDetail/44A5,65,한진칼,KR7180640005,40,0.25,"4,116,000",인천국제공항 여객 통계: 전체 (월)-전체 여객,MONTHLY,인천국제공항,2025-11-07,2025-11-07
RISE 200TR,"32,535",상승 970,https://riseetf.co.kr/prod/finderDetail/44A5,73,엔씨소프트,KR7036570000,15,0.21,"3,405,000",엔씨소프트 게임별 매출액 (분기)-리니지,QUARTER,엔씨소프트 IR,2025-11-11,2025-11-11
RISE 200TR,"32,535",상승 970,https://riseetf.co.kr/prod/finderDetail/44A5,118,카카오페이,KR7377300009,24,0.08,"1,236,000",신용카드 이용건수 및 금액 (월)-이용건수,MONTHLY,한국은행,2025-11-10,2025-11-10
RISE 200TR,"32,535",상승 970,https://riseetf.co.kr/prod/finderDetail/44A5,125,삼성카드,KR7029780004,23,0.07,"1,196,000",신용카드 이용건수 및 금액 (월)-이용건수,MONTHLY,한국은행,2025-11-10,2025-11-10
RISE 200TR,"32,535",상승 970,https://riseetf.co.kr/prod/finderDetail/44A5,143,팬오션,KR7028670008,192,0.05,"735,360",Freight Index: BDI(Baltic Dry Index) (일)-Baltic Dry Index,DAILY,언론보도 취합,2025-11-11,2025-11-11
RISE KRX300,"27,275",상승 770,https://riseetf.co.kr/prod/finderDetail/4481,22,삼성중공업,KR7010140002,437,0.87,"11,820,850",탱커 신조선가 (주)-VLCC(320K),WEEKLY,한국해양진흥공사,2025-11-10,2025-11-10
RISE KRX300,"27,275",상승 770,https://riseetf.co.kr/prod/finderDetail/4481,28,한국전력,KR7015760002,208,0.71,"9,620,000",해외건설 수주통계: 업체별 (주)-전체,WEEKLY,국토교통부,2025-11-10,2025-11-10
RISE KRX300,"27,275",상승 770,https://riseetf.co.kr/prod/finderDetail/4481,29,한화오션,KR7042660001,75,0.71,"9,720,000",탱커 신조선가 (주)-VLCC(320K),WEEKLY,한국해양진흥공사,2025-11-10,2025-11-10
RISE KRX300,"27,275",상승 770,https://riseetf.co.kr/prod/finderDetail/4481,55,HMM,KR7011200003,206,0.31,"4,161,200",Freight Index: BDI(Baltic Dry Index) (일)-Baltic Dry Index,DAILY,언론보도 취합,2025-11-11,2025-11-11
RISE KRX300,"27,275",상승 770,https://riseetf.co.kr/prod/finderDetail/4481,69,코웨이,KR7021240007,36,0.24,"3,290,400",코웨이 국내 환경가전사업 현황 (분기)-국내 렌탈 계정현황,QUARTER,코웨이 IR,2025-11-07,2025-11-07
RISE KRX300,"27,275",상승 770,https://riseetf.co.kr/prod/finderDetail/4481,71,HD현대미포,KR7010620003,15,0.23,"3,195,000",탱커 신조선가 (주)-VLCC(320K),WEEKLY,한국해양진흥공사,2025-11-10,2025-11-10
RISE KRX300,"27,275",상승 770,https://riseetf.co.kr/prod/finderDetail/4481,73,한진칼,KR7180640005,31,0.23,"3,189,900",인천국제공항 여객 통계: 전체 (월)-전체 여객,MONTHLY,인천국제공항,2025-11-07,2025-11-07
RISE KRX300,"27,275",상승 770,https://riseetf.co.kr/prod/finderDetail/4481,85,엔씨소프트,KR7036570000,11,0.18,"2,497,000",엔씨소프트 게임별 매출액 (분기)-리니지,QUARTER,엔씨소프트 IR,2025-11-11,2025-11-11
RISE KRX300,"27,275",상승 770,https://riseetf.co.kr/prod/finderDetail/4481,125,산일전기,KR7062040001,8,0.09,"1,181,600",산일전기 수주현황 (분기)-신규수주,QUARTER,IR자료,2025-11-05,2025-11-05
RISE KRX300,"27,275",상승 770,https://riseetf.co.kr/prod/finderDetail/4481,138,카카오페이,KR7377300009,19,0.07,"978,500",신용카드 이용건수 및 금액 (월)-이용건수,MONTHLY,한국은행,2025-11-10,2025-11-10
RISE KRX300,"27,275",상승 770,https://riseetf.co.kr/prod/finderDetail/4481,140,삼성카드,KR7029780004,18,0.07,"936,000",신용카드 이용건수 및 금액 (월)-이용건수,MONTHLY,한국은행,2025-11-10,2025-11-10
RISE KRX300,"27,275",상승 770,https://riseetf.co.kr/prod/finderDetail/4481,199,씨젠,KR7096530001,20,0.04,"519,000",씨젠 제품별 매출액 (분기)-총매출액,QUARTER,씨젠 IR,2025-11-07,2025-11-07
RISE KRX300,"27,275",상승 770,https://riseetf.co.kr/prod/finderDetail/4481,203,카카오게임즈,KR7293490009,29,0.04,"481,980","카카오게임즈 부문별 매출액 (분기)-PC 게임(검은사막, 배틀그라운드 외)",QUARTER,카카오게임즈 IR,2025-11-05,2025-11-05
RISE KRX300,"27,275",상승 770,https://riseetf.co.kr/prod/finderDetail/4481,213,팬오션,KR7028670008,149,0.04,"570,670",Freight Index: BDI(Baltic Dry Index) (일)-Baltic Dry Index,DAILY,언론보도 취합,2025-11-11,2025-11-11
RISE KRX300,"27,275",상승 770,https://riseetf.co.kr/prod/finderDetail/4481,233,스튜디오드래곤,KR7253450001,9,0.03,"363,150",스튜디오드래곤 주요 드라마 라인업 (분기)-스튜디오드래곤,QUARTER,스튜디오드래곤,2025-11-06,2025-11-06
RISE 200금융,"17,325",상승 640,https://riseetf.co.kr/prod/finderDetail/4470,20,카카오페이,KR7377300009,46,0.69,"2,369,000",신용카드 이용건수 및 금액 (월)-이용건수,MONTHLY,한국은행,2025-11-10,2025-11-10
RISE 200금융,"17,325",상승 640,https://riseetf.co.kr/prod/finderDetail/4470,21,삼성카드,KR7029780004,43,0.65,"2,236,000",신용카드 이용건수 및 금액 (월)-이용건수,MONTHLY,한국은행,2025-11-10,2025-11-10
RISE ESG사회책임투자,"22,465",상승 695,https://riseetf.co.kr/prod/finderDetail/4479,31,HD현대미포,KR7010620003,21,0.4,"4,473,000",탱커 신조선가 (주)-VLCC(320K),WEEKLY,한국해양진흥공사,2025-11-10,2025-11-10
RISE ESG사회책임투자,"22,465",상승 695,https://riseetf.co.kr/prod/finderDetail/4479,50,삼성카드,KR7029780004,25,0.12,"1,300,000",신용카드 이용건수 및 금액 (월)-이용건수,MONTHLY,한국은행,2025-11-10,2025-11-10
RISE ESG사회책임투자,"22,465",상승 695,https://riseetf.co.kr/prod/finderDetail/4479,80,씨젠,KR7096530001,28,0.06,"726,600",씨젠 제품별 매출액 (분기)-총매출액,QUARTER,씨젠 IR,2025-11-07,2025-11-07
RISE ESG사회책임투자,"22,465",상승 695,https://riseetf.co.kr/prod/finderDetail/4479,87,카카오게임즈,KR7293490009,37,0.05,"614,940","카카오게임즈 부문별 매출액 (분기)-PC 게임(검은사막, 배틀그라운드 외)",QUARTER,카카오게임즈 IR,2025-11-05,2025-11-05
RISE ESG사회책임투자,"22,465",상승 695,https://riseetf.co.kr/prod/finderDetail/4479,88,스튜디오드래곤,KR7253450001,13,0.05,"524,550",스튜디오드래곤 주요 드라마 라인업 (분기)-스튜디오드래곤,QUARTER,스튜디오드래곤,2025-11-06,2025-11-06
RISE ESG사회책임투자,"22,465",상승 695,https://riseetf.co.kr/prod/finderDetail/4479,107,제주항공,KR7089590004,34,0.02,"186,660",인천국제공항 여객 통계: 전체 (월)-전체 여객,MONTHLY,인천국제공항,2025-11-07,2025-11-07
RISE 200고배당커버드콜ATM,"8,835",상승 170,https://riseetf.co.kr/prod/finderDetail/4478,38,팬오션,KR7028670008,"1,695",1.47,"6,491,850",Freight Index: BDI(Baltic Dry Index) (일)-Baltic Dry Index,DAILY,언론보도 취합,2025-11-11,2025-11-11
RISE 중소형고배당,"15,585",상승 670,https://riseetf.co.kr/prod/finderDetail/4466,45,쿠쿠홈시스,KR7284740008,225,0.69,"5,355,000",코웨이 국내 환경가전사업 현황 (분기)-국내 렌탈 계정현황,QUARTER,코웨이 IR,2025-11-07,2025-11-07
RISE 중소형고배당,"15,585",상승 670,https://riseetf.co.kr/prod/finderDetail/4466,50,NICE,KR7034310003,354,0.65,"5,090,520",신용카드 이용건수 및 금액 (월)-이용건수,MONTHLY,한국은행,2025-11-10,2025-11-10
RISE 코스닥150,"15,230",상승 145,https://riseetf.co.kr/prod/finderDetail/4459,47,씨젠,KR7096530001,61,0.52,"1,582,950",씨젠 제품별 매출액 (분기)-총매출액,QUARTER,씨젠 IR,2025-11-07,2025-11-07
RISE 코스닥150,"15,230",상승 145,https://riseetf.co.kr/prod/finderDetail/4459,56,카카오게임즈,KR7293490009,79,0.43,"1,312,980","카카오게임즈 부문별 매출액 (분기)-PC 게임(검은사막, 배틀그라운드 외)",QUARTER,카카오게임즈 IR,2025-11-05,2025-11-05
RISE 코스닥150,"15,230",상승 145,https://riseetf.co.kr/prod/finderDetail/4459,66,스튜디오드래곤,KR7253450001,27,0.36,"1,089,450",스튜디오드래곤 주요 드라마 라인업 (분기)-스튜디오드래곤,QUARTER,스튜디오드래곤,2025-11-06,2025-11-06
RISE 코스닥150,"15,230",상승 145,https://riseetf.co.kr/prod/finderDetail/4459,102,NHN KCP,KR7060250008,43,0.22,"675,100",신용카드 이용건수 및 금액 (월)-이용건수,MONTHLY,한국은행,2025-11-10,2025-11-10
RISE 헬스케어채권혼합,"12,560",상승 10,https://riseetf.co.kr/prod/finderDetail/4451,26,씨젠,KR7096530001,225,0.23,"5,838,750",씨젠 제품별 매출액 (분기)-총매출액,QUARTER,씨젠 IR,2025-11-07,2025-11-07
RISE 고배당,"19,875",상승 675,https://riseetf.co.kr/prod/finderDetail/4454,22,삼성카드,KR7029780004,203,1.06,"10,556,000",신용카드 이용건수 및 금액 (월)-이용건수,MONTHLY,한국은행,2025-11-10,2025-11-10
RISE 고배당,"19,875",상승 675,https://riseetf.co.kr/prod/finderDetail/4454,27,코웨이,KR7021240007,60,0.55,"5,484,000",코웨이 국내 환경가전사업 현황 (분기)-국내 렌탈 계정현황,QUARTER,코웨이 IR,2025-11-07,2025-11-07
RISE 고배당,"19,875",상승 675,https://riseetf.co.kr/prod/finderDetail/4454,61,NICE,KR7034310003,45,0.07,"647,100",신용카드 이용건수 및 금액 (월)-이용건수,MONTHLY,한국은행,2025-11-10,2025-11-10
RISE 고배당,"19,875",상승 675,https://riseetf.co.kr/prod/finderDetail/4454,66,쿠쿠홈시스,KR7284740008,29,0.07,"690,200",코웨이 국내 환경가전사업 현황 (분기)-국내 렌탈 계정현황,QUARTER,코웨이 IR,2025-11-07,2025-11-07
RISE 헬스케어,"16,015",상승 95,https://riseetf.co.kr/prod/finderDetail/4450,20,씨젠,KR7096530001,334,1.08,"8,667,300",씨젠 제품별 매출액 (분기)-총매출액,QUARTER,씨젠 IR,2025-11-07,2025-11-07
RISE 200,"58,080","상승 1,705",https://riseetf.co.kr/prod/finderDetail/4435,22,삼성중공업,KR7010140002,"1,010",0.94,"27,320,500",탱커 신조선가 (주)-VLCC(320K),WEEKLY,한국해양진흥공사,2025-11-10,2025-11-10
RISE 200,"58,080","상승 1,705",https://riseetf.co.kr/prod/finderDetail/4435,27,한화오션,KR7042660001,173,0.77,"22,420,800",탱커 신조선가 (주)-VLCC(320K),WEEKLY,한국해양진흥공사,2025-11-10,2025-11-10
RISE 200,"58,080","상승 1,705",https://riseetf.co.kr/prod/finderDetail/4435,28,한국전력,KR7015760002,481,0.77,"22,246,250",해외건설 수주통계: 업체별 (주)-전체,WEEKLY,국토교통부,2025-11-10,2025-11-10
RISE 200,"58,080","상승 1,705",https://riseetf.co.kr/prod/finderDetail/4435,53,HMM,KR7011200003,476,0.33,"9,615,200",Freight Index: BDI(Baltic Dry Index) (일)-Baltic Dry Index,DAILY,언론보도 취합,2025-11-11,2025-11-11
RISE 200,"58,080","상승 1,705",https://riseetf.co.kr/prod/finderDetail/4435,63,HD현대미포,KR7010620003,35,0.26,"7,455,000",탱커 신조선가 (주)-VLCC(320K),WEEKLY,한국해양진흥공사,2025-11-10,2025-11-10
RISE 200,"58,080","상승 1,705",https://riseetf.co.kr/prod/finderDetail/4435,64,코웨이,KR7021240007,84,0.26,"7,677,600",코웨이 국내 환경가전사업 현황 (분기)-국내 렌탈 계정현황,QUARTER,코웨이 IR,2025-11-07,2025-11-07
RISE 200,"58,080","상승 1,705",https://riseetf.co.kr/prod/finderDetail/4435,66,한진칼,KR7180640005,71,0.25,"7,305,900",인천국제공항 여객 통계: 전체 (월)-전체 여객,MONTHLY,인천국제공항,2025-11-07,2025-11-07
RISE 200,"58,080","상승 1,705",https://riseetf.co.kr/prod/finderDetail/4435,74,엔씨소프트,KR7036570000,26,0.2,"5,902,000",엔씨소프트 게임별 매출액 (분기)-리니지,QUARTER,엔씨소프트 IR,2025-11-11,2025-11-11
RISE 200,"58,080","상승 1,705",https://riseetf.co.kr/prod/finderDetail/4435,115,카카오페이,KR7377300009,43,0.08,"2,214,500",신용카드 이용건수 및 금액 (월)-이용건수,MONTHLY,한국은행,2025-11-10,2025-11-10
RISE 200,"58,080","상승 1,705",https://riseetf.co.kr/prod/finderDetail/4435,124,삼성카드,KR7029780004,41,0.07,"2,132,000",신용카드 이용건수 및 금액 (월)-이용건수,MONTHLY,한국은행,2025-11-10,2025-11-10
RISE 200,"58,080","상승 1,705",https://riseetf.co.kr/prod/finderDetail/4435,144,팬오션,KR7028670008,343,0.05,"1,313,690",Freight Index: BDI(Baltic Dry Index) (일)-Baltic Dry Index,DAILY,언론보도 취합,2025-11-11,2025-11-11
RISE 우량업종대표주,"17,615",상승 670,https://riseetf.co.kr/prod/finderDetail/4434,7,한국전력,KR7015760002,"1,050",2.77,"48,562,500",해외건설 수주통계: 업체별 (주)-전체,WEEKLY,국토교통부,2025-11-10,2025-11-10
RISE 우량업종대표주,"17,615",상승 670,https://riseetf.co.kr/prod/finderDetail/4434,14,한화오션,KR7042660001,350,2.58,"45,360,000",탱커 신조선가 (주)-VLCC(320K),WEEKLY,한국해양진흥공사,2025-11-10,2025-11-10
RISE 우량업종대표주,"17,615",상승 670,https://riseetf.co.kr/prod/finderDetail/4434,35,한진칼,KR7180640005,355,2.08,"36,529,500",인천국제공항 여객 통계: 전체 (월)-전체 여객,MONTHLY,인천국제공항,2025-11-07,2025-11-07
RISE 우량업종대표주,"17,615",상승 670,https://riseetf.co.kr/prod/finderDetail/4434,37,코웨이,KR7021240007,395,2.06,"36,103,000",코웨이 국내 환경가전사업 현황 (분기)-국내 렌탈 계정현황,QUARTER,코웨이 IR,2025-11-07,2025-11-07
RISE 우량업종대표주,"17,615",상승 670,https://riseetf.co.kr/prod/finderDetail/4434,40,HMM,KR7011200003,"1,649",1.9,"33,309,800",Freight Index: BDI(Baltic Dry Index) (일)-Baltic Dry Index,DAILY,언론보도 취합,2025-11-11,2025-11-11
RISE 수출주,"18,685",상승 595,https://riseetf.co.kr/prod/finderDetail/4433,12,삼성중공업,KR7010140002,"1,540",2.23,"41,657,000",탱커 신조선가 (주)-VLCC(320K),WEEKLY,한국해양진흥공사,2025-11-10,2025-11-10
RISE 수출주,"18,685",상승 595,https://riseetf.co.kr/prod/finderDetail/4433,13,한화오션,KR7042660001,322,2.23,"41,731,200",탱커 신조선가 (주)-VLCC(320K),WEEKLY,한국해양진흥공사,2025-11-10,2025-11-10
RISE 수출주,"18,685",상승 595,https://riseetf.co.kr/prod/finderDetail/4433,27,엔씨소프트,KR7036570000,153,1.86,"34,731,000",엔씨소프트 게임별 매출액 (분기)-리니지,QUARTER,엔씨소프트 IR,2025-11-11,2025-11-11
RISE 수출주,"18,685",상승 595,https://riseetf.co.kr/prod/finderDetail/4433,34,HD현대미포,KR7010620003,148,1.69,"31,524,000",탱커 신조선가 (주)-VLCC(320K),WEEKLY,한국해양진흥공사,2025-11-10,2025-11-10
RISE 수출주,"18,685",상승 595,https://riseetf.co.kr/prod/finderDetail/4433,46,HMM,KR7011200003,"1,177",1.27,"23,775,400",Freight Index: BDI(Baltic Dry Index) (일)-Baltic Dry Index,DAILY,언론보도 취합,2025-11-11,2025-11-11
RISE 수출주,"18,685",상승 595,https://riseetf.co.kr/prod/finderDetail/4433,50,한진칼,KR7180640005,175,0.96,"18,007,500",인천국제공항 여객 통계: 전체 (월)-전체 여객,MONTHLY,인천국제공항,2025-11-07,2025-11-07
RISE 주식혼합,"57,315","상승 1,220",https://riseetf.co.kr/prod/finderDetail/4439,27,삼성중공업,KR7010140002,667,0.63,"18,042,350",탱커 신조선가 (주)-VLCC(320K),WEEKLY,한국해양진흥공사,2025-11-10,2025-11-10
RISE 주식혼합,"57,315","상승 1,220",https://riseetf.co.kr/prod/finderDetail/4439,32,한화오션,KR7042660001,115,0.52,"14,904,000",탱커 신조선가 (주)-VLCC(320K),WEEKLY,한국해양진흥공사,2025-11-10,2025-11-10
RISE 주식혼합,"57,315","상승 1,220",https://riseetf.co.kr/prod/finderDetail/4439,33,한국전력,KR7015760002,318,0.51,"14,707,500",해외건설 수주통계: 업체별 (주)-전체,WEEKLY,국토교통부,2025-11-10,2025-11-10
RISE 주식혼합,"57,315","상승 1,220",https://riseetf.co.kr/prod/finderDetail/4439,53,HMM,KR7011200003,342,0.24,"6,908,400",Freight Index: BDI(Baltic Dry Index) (일)-Baltic Dry Index,DAILY,언론보도 취합,2025-11-11,2025-11-11
RISE 주식혼합,"57,315","상승 1,220",https://riseetf.co.kr/prod/finderDetail/4439,67,코웨이,KR7021240007,55,0.18,"5,027,000",코웨이 국내 환경가전사업 현황 (분기)-국내 렌탈 계정현황,QUARTER,코웨이 IR,2025-11-07,2025-11-07
RISE 주식혼합,"57,315","상승 1,220",https://riseetf.co.kr/prod/finderDetail/4439,69,HD현대미포,KR7010620003,23,0.17,"4,899,000",탱커 신조선가 (주)-VLCC(320K),WEEKLY,한국해양진흥공사,2025-11-10,2025-11-10
RISE 주식혼합,"57,315","상승 1,220",https://riseetf.co.kr/prod/finderDetail/4439,71,한진칼,KR7180640005,47,0.17,"4,836,300",인천국제공항 여객 통계: 전체 (월)-전체 여객,MONTHLY,인천국제공항,2025-11-07,2025-11-07
RISE 주식혼합,"57,315","상승 1,220",https://riseetf.co.kr/prod/finderDetail/4439,81,엔씨소프트,KR7036570000,17,0.13,"3,859,000",엔씨소프트 게임별 매출액 (분기)-리니지,QUARTER,엔씨소프트 IR,2025-11-11,2025-11-11
RISE 주식혼합,"57,315","상승 1,220",https://riseetf.co.kr/prod/finderDetail/4439,125,삼성카드,KR7029780004,27,0.05,"1,404,000",신용카드 이용건수 및 금액 (월)-이용건수,MONTHLY,한국은행,2025-11-10,2025-11-10
RISE 주식혼합,"57,315","상승 1,220",https://riseetf.co.kr/prod/finderDetail/4439,129,카카오페이,KR7377300009,29,0.05,"1,493,500",신용카드 이용건수 및 금액 (월)-이용건수,MONTHLY,한국은행,2025-11-10,2025-11-10
RISE 주식혼합,"57,315","상승 1,220",https://riseetf.co.kr/prod/finderDetail/4439,152,팬오션,KR7028670008,227,0.03,"869,410",Freight Index: BDI(Baltic Dry Index) (일)-Baltic Dry Index,DAILY,언론보도 취합,2025-11-11,2025-11-11
RISE 5대그룹주,"9,360",상승 285,https://riseetf.co.kr/prod/finderDetail/4413,13,삼성중공업,KR7010140002,"2,256",3.26,"61,024,800",탱커 신조선가 (주)-VLCC(320K),WEEKLY,한국해양진흥공사,2025-11-10,2025-11-10
