section_name,section_id3,office_id,article_id,url,title,press,wdate,source_file
시황,401,422,0000799013,https://n.news.naver.com/mnews/article/422/0000799013,"코스피, ‘검은 수요일’ 하루 만에 반등…외국인에 상승폭 제한",연합뉴스TV,2025-11-06 19:28,naver_news_list_20251106_s401_p1.html
시황,401,011,0004552970,https://n.news.naver.com/mnews/article/011/0004552970,"[단독] 토스證, 해외주식 옵션 논란에…당국도 ‘예의주시’",서울경제,2025-11-06 19:27,naver_news_list_20251106_s401_p1.html
시황,401,001,0015728972,https://n.news.naver.com/mnews/article/001/0015728972,"연료용 가스 제조사 덕양에너젠, 코스닥 상장예비심사 통과",연합뉴스,2025-11-06 19:25,naver_news_list_20251106_s401_p1.html
시황,401,011,0004552969,https://n.news.naver.com/mnews/article/011/0004552969,"강달러·차익실현에 外人 투매…""주도주 분할 매수를""",서울경제,2025-11-06 19:21,naver_news_list_20251106_s401_p1.html
시황,401,009,0005586054,https://n.news.naver.com/mnews/article/009/0005586054,외국인 폭탄 온몸으로 막은 동학개미들…“저가매수 잡자” 6조 폭풍매수,매일경제,2025-11-06 19:05,naver_news_list_20251106_s401_p1.html
시황,401,011,0004552966,https://n.news.naver.com/mnews/article/011/0004552966,'매각가 1조' 애큐온캐피탈·저축은행 매물로[시그널],서울경제,2025-11-06 19:04,naver_news_list_20251106_s401_p1.html
시황,401,421,0008589985,https://n.news.naver.com/mnews/article/421/0008589985,외국인 11월 6.8조 '셀코리아'…SK하이닉스 3조 '팔자',뉴스1,2025-11-06 18:53,naver_news_list_20251106_s401_p1.html
시황,401,014,0005430926,https://n.news.naver.com/mnews/article/014/0005430926,대형株에 쏠린 수익률… 상승장에도 반대매매 급증 [숨고르는 증시],파이낸셜뉴스,2025-11-06 18:08,naver_news_list_20251106_s401_p1.html
시황,401,014,0005430925,https://n.news.naver.com/mnews/article/014/0005430925,'AI 거품론' 빌미로 외인 매도폭탄… 당분간 변동성 불가피 [숨고르는 증시],파이낸셜뉴스,2025-11-06 18:08,naver_news_list_20251106_s401_p1.html
시황,401,011,0004552935,https://n.news.naver.com/mnews/article/011/0004552935,"""美 ETF 시장, AI 다음 성장동력은 가상자산""",서울경제,2025-11-06 18:06,naver_news_list_20251106_s401_p1.html
시황,401,011,0004552929,https://n.news.naver.com/mnews/article/011/0004552929,비과세·연 14% 금리 매력…브라질 국채 꾸준히 담는 韓투자자들 [인베스팅 인사이트],서울경제,2025-11-06 18:03,naver_news_list_20251106_s401_p1.html
시황,401,011,0004552923,https://n.news.naver.com/mnews/article/011/0004552923,"ACE 美 AI테크 액티브 ETF, 7거래일 간 개인 자금 844억 몰렸다",서울경제,2025-11-06 18:01,naver_news_list_20251106_s401_p1.html
시황,401,011,0004552922,https://n.news.naver.com/mnews/article/011/0004552922,"에이피알·HD현대마린솔루션, MSCI 한국지수 신규 편입 [마켓시그널]",서울경제,2025-11-06 18:01,naver_news_list_20251106_s401_p1.html
시황,401,011,0004552918,https://n.news.naver.com/mnews/article/011/0004552918,"변동장에도 뭉칫돈 몰려…예탁금, 사흘 연속 최고치 랠리",서울경제,2025-11-06 18:00,naver_news_list_20251106_s401_p1.html
시황,401,011,0004552915,https://n.news.naver.com/mnews/article/011/0004552915,"""韓 밸류업 여전히 미흡…ROE·참여율 낮아""",서울경제,2025-11-06 17:59,naver_news_list_20251106_s401_p1.html
시황,401,009,0005585978,https://n.news.naver.com/mnews/article/009/0005585978,"FIU, 업비트에 과태료 352억원 부과",매일경제,2025-11-06 17:49,naver_news_list_20251106_s401_p1.html
시황,401,011,0004552898,https://n.news.naver.com/mnews/article/011/0004552898,"""전 사업부문 성장""…대신證, 올 3분기 영업익 736억",서울경제,2025-11-06 17:44,naver_news_list_20251106_s401_p1.html
시황,401,009,0005585929,https://n.news.naver.com/mnews/article/009/0005585929,"강세장 외치는 증권사, ""내년 5천피 넘어 7500""",매일경제,2025-11-06 17:38,naver_news_list_20251106_s401_p1.html
시황,401,009,0005585928,https://n.news.naver.com/mnews/article/009/0005585928,차익실현 외국인 vs 4천피 사수 개미,매일경제,2025-11-06 17:38,naver_news_list_20251106_s401_p1.html
시황,401,001,0015726968,https://n.news.naver.com/mnews/article/001/0015726968,[코스닥] 13.54p(1.50%) 오른 915.43(개장),연합뉴스,2025-11-06 09:01,naver_news_list_20251106_s401_p10.html
시황,401,215,0001229775,https://n.news.naver.com/mnews/article/215/0001229775,"美 대법원, 관세 적법성 심리 개시 - [굿모닝 글로벌 이슈]",한국경제TV,2025-11-06 08:56,naver_news_list_20251106_s401_p10.html
시황,401,001,0015726949,https://n.news.naver.com/mnews/article/001/0015726949,"하나證, 카카오뱅크 목표가↓…""플랫폼 수익화 성과 안 보여""",연합뉴스,2025-11-06 08:56,naver_news_list_20251106_s401_p10.html
시황,401,011,0004552586,https://n.news.naver.com/mnews/article/011/0004552586,'분기 최대 실적' 네이버…AI 전략 기대감에 목표주가 ↑ [줍줍 리포트],서울경제,2025-11-06 08:48,naver_news_list_20251106_s401_p10.html
시황,401,001,0015726915,https://n.news.naver.com/mnews/article/001/0015726915,"""코스피, 사이드카 발동 후 회복까지 평균 21일""",연합뉴스,2025-11-06 08:39,naver_news_list_20251106_s401_p10.html
시황,401,018,0006157201,https://n.news.naver.com/mnews/article/018/0006157201,"삼성운용,  KODEX 반도체 투자전략 웹세미나 개최",이데일리,2025-11-06 08:36,naver_news_list_20251106_s401_p10.html
시황,401,011,0004552582,https://n.news.naver.com/mnews/article/011/0004552582,"""공포에 사는 게 맞았나""…프리장서 시총 상위주 일제히 '빨간불' [마켓시그널]",서울경제,2025-11-06 08:32,naver_news_list_20251106_s401_p10.html
시황,401,001,0015726898,https://n.news.naver.com/mnews/article/001/0015726898,"키움증권 ""삼성SDI, 적자 지속에도 북미 수주 기대…목표가↑""",연합뉴스,2025-11-06 08:29,naver_news_list_20251106_s401_p10.html
시황,401,421,0008588022,https://n.news.naver.com/mnews/article/421/0008588022,"KB증권 ""코스피, 단기조정 후 급반등…7500 가는 강세장""",뉴스1,2025-11-06 08:28,naver_news_list_20251106_s401_p10.html
시황,401,001,0015726893,https://n.news.naver.com/mnews/article/001/0015726893,"한화증권 ""SM, 서구권 시장 실적 성장 필요…목표가↓""",연합뉴스,2025-11-06 08:24,naver_news_list_20251106_s401_p10.html
시황,401,421,0008587993,https://n.news.naver.com/mnews/article/421/0008587993,"KB증권 ""두산에너빌, 수주 목표치 상향…목표가 11만원""",뉴스1,2025-11-06 08:15,naver_news_list_20251106_s401_p10.html
시황,401,011,0004552576,https://n.news.naver.com/mnews/article/011/0004552576,"에이피알·HD현대마린솔루션, MSCI 한국지수 신규 편입 [마켓시그널]",서울경제,2025-11-06 08:14,naver_news_list_20251106_s401_p10.html
시황,401,277,0005675233,https://n.news.naver.com/mnews/article/277/0005675233,"[굿모닝 증시]낙폭 과도했나…""韓증시 저가 매수세 유입 전망""",아시아경제,2025-11-06 08:12,naver_news_list_20251106_s401_p10.html
시황,401,009,0005585452,https://n.news.naver.com/mnews/article/009/0005585452,“대주주 변경 지연에 주가 발목”…호실적에도 못 웃는 롯데렌탈[오늘 나온 보고서],매일경제,2025-11-06 08:09,naver_news_list_20251106_s401_p10.html
시황,401,015,0005207656,https://n.news.naver.com/mnews/article/015/0005207656,"""공포에 줍줍한 개미가 승자""…뉴욕발 훈풍에 코스피 상승 전망 [오늘장 미리보기]",한국경제,2025-11-06 08:05,naver_news_list_20251106_s401_p10.html
시황,401,001,0015726871,https://n.news.naver.com/mnews/article/001/0015726871,"[마켓뷰] 휘청인 코스피, 'AI 거품' 우려 딛고 반등 시도할까",연합뉴스,2025-11-06 08:02,naver_news_list_20251106_s401_p10.html
시황,401,018,0006157152,https://n.news.naver.com/mnews/article/018/0006157152,"""코스피, 7500까지 간다""…AI 버블론 뒤집는 '파격 시나리오'",이데일리,2025-11-06 07:55,naver_news_list_20251106_s401_p10.html
시황,401,018,0006157149,https://n.news.naver.com/mnews/article/018/0006157149,'롤러코스터 코스피 익숙해져야'…일희일비 의미 없다는데,이데일리,2025-11-06 07:52,naver_news_list_20251106_s401_p10.html
시황,401,001,0015726844,https://n.news.naver.com/mnews/article/001/0015726844,MSCI 한국지수에 HD현대마린솔루션·에이피알 신규 편입,연합뉴스,2025-11-06 07:36,naver_news_list_20251106_s401_p10.html
시황,401,018,0006157137,https://n.news.naver.com/mnews/article/018/0006157137,"""코스피 출렁? 놀라지 말고 주도주 사라""…개미 향한 조언",이데일리,2025-11-06 07:31,naver_news_list_20251106_s401_p10.html
시황,401,011,0004552557,https://n.news.naver.com/mnews/article/011/0004552557,HBM4 가격 50%↑ 밀어붙인 하이닉스…내년 영업익 70조 신기원 쓰나 [AI 프리즘*주식투자자 뉴스],서울경제,2025-11-06 07:09,naver_news_list_20251106_s401_p11.html
시황,401,011,0004552553,https://n.news.naver.com/mnews/article/011/0004552553,증시 빠지고 달러 치솟고…환율 1450원 ‘마지노선’ 흔들리나 [AI 프리즘*글로벌 투자자 뉴스],서울경제,2025-11-06 07:06,naver_news_list_20251106_s401_p11.html
시황,401,001,0015726811,https://n.news.naver.com/mnews/article/001/0015726811,[마켓人] '잠들지 않는 증권가 파수꾼' 서상영 미래에셋 상무,연합뉴스,2025-11-06 07:05,naver_news_list_20251106_s401_p11.html
시황,401,001,0015726810,https://n.news.naver.com/mnews/article/001/0015726810,'얇아진 수요층'…하이일드 회사채 발행 비중 3%대로 '뚝',연합뉴스,2025-11-06 07:03,naver_news_list_20251106_s401_p11.html
시황,401,011,0004552549,https://n.news.naver.com/mnews/article/011/0004552549,고려아연 3분기 ‘역대 최대’ 실적 달성…전략광물·귀금속 호조에 '103분기' 연속 흑자,서울경제,2025-11-06 07:02,naver_news_list_20251106_s401_p11.html
시황,401,001,0015726807,https://n.news.naver.com/mnews/article/001/0015726807,"국민연금, 美증시 공격적 투자…3분기에만 18조7천억 평가이익",연합뉴스,2025-11-06 07:00,naver_news_list_20251106_s401_p11.html
시황,401,015,0005207625,https://n.news.naver.com/mnews/article/015/0005207625,"""많이 올랐어도 주도주가 답""…'AI 버블' 붕괴 알릴 카나리아는 [인터뷰+]",한국경제,2025-11-06 06:31,naver_news_list_20251106_s401_p11.html
시황,401,011,0004552534,https://n.news.naver.com/mnews/article/011/0004552534,정부 “빚투도 투자” 하루 만에 코스피 폭락…“개미만 물렸다”[이런국장 저런주식],서울경제,2025-11-06 06:31,naver_news_list_20251106_s401_p11.html
시황,401,421,0008587882,https://n.news.naver.com/mnews/article/421/0008587882,"'강달러'에도 코스피 사들이던 외국인, 왜 갑자기 돌아섰나",뉴스1,2025-11-06 06:30,naver_news_list_20251106_s401_p11.html
시황,401,421,0008587871,https://n.news.naver.com/mnews/article/421/0008587871,"""동학개미 시즌2"" 개인 이틀간 5조 풀매수…팬데믹 이후 최대",뉴스1,2025-11-06 06:08,naver_news_list_20251106_s401_p11.html
시황,401,009,0005585426,https://n.news.naver.com/mnews/article/009/0005585426,“전력·데이터센터 슈퍼사이클 온다”…2경원 시장 기회 놓치지 않으려면,매일경제,2025-11-06 06:05,naver_news_list_20251106_s401_p11.html
시황,401,011,0004552526,https://n.news.naver.com/mnews/article/011/0004552526,"고영테크놀러지, 뇌 수술용 의료 로봇 논문 세계적 학술지 게재",서울경제,2025-11-06 06:01,naver_news_list_20251106_s401_p11.html
시황,401,014,0005430404,https://n.news.naver.com/mnews/article/014/0005430404,"개미들, 폭락장서 7조 베팅…증권가 전망은?",파이낸셜뉴스,2025-11-06 06:01,naver_news_list_20251106_s401_p11.html
시황,401,009,0005585424,https://n.news.naver.com/mnews/article/009/0005585424,"“매도버튼에서 당장 손 떼”…20년만에 온 강세장, 고점 아니란 이 남자",매일경제,2025-11-06 05:54,naver_news_list_20251106_s401_p11.html
시황,401,215,0001229755,https://n.news.naver.com/mnews/article/215/0001229755,美 증시↓...AI 밸류에이션 부담-[글로벌 시황],한국경제TV,2025-11-06 05:04,naver_news_list_20251106_s401_p11.html
시황,401,008,0005274170,https://n.news.naver.com/mnews/article/008/0005274170,대장주도 휘청… '검은 수요일' 하루 새 111조원 빠졌다,머니투데이,2025-11-06 04:18,naver_news_list_20251106_s401_p11.html
시황,401,008,0005274167,https://n.news.naver.com/mnews/article/008/0005274167,"한때 10만弗 붕괴, 날개 꺾인 비트코인",머니투데이,2025-11-06 04:15,naver_news_list_20251106_s401_p11.html
시황,401,008,0005274166,https://n.news.naver.com/mnews/article/008/0005274166,美AI거품론에 푹 꺼진 증시…  개미가 겨우 지켜낸 사천피,머니투데이,2025-11-06 04:13,naver_news_list_20251106_s401_p11.html
시황,401,008,0005274150,https://n.news.naver.com/mnews/article/008/0005274150,"패닉 온 개미들…""그동안 너무 올랐지"" 심상치 않은 '하락 베팅'",머니투데이,2025-11-06 04:03,naver_news_list_20251106_s401_p11.html
시황,401,009,0005585922,https://n.news.naver.com/mnews/article/009/0005585922,호실적에 주주환원 기대까지…지주사 고공행진,매일경제,2025-11-06 17:38,naver_news_list_20251106_s401_p2.html
시황,401,015,0005208002,https://n.news.naver.com/mnews/article/015/0005208002,"""진작 하이닉스 살걸"" 개미들 '빚투' 늘더니…'깜짝 결과'",한국경제,2025-11-06 17:32,naver_news_list_20251106_s401_p2.html
시황,401,011,0004552877,https://n.news.naver.com/mnews/article/011/0004552877,"한미약품 ""근손실 최소화"" 디앤디파마텍 ""흡수율 높인 먹는약""…K비만약 게임체인저 도전",서울경제,2025-11-06 17:31,naver_news_list_20251106_s401_p2.html
시황,401,015,0005207993,https://n.news.naver.com/mnews/article/015/0005207993,"이다솔 ""전고점 돌파 못한 반도체 소부장 눈여겨봐야""",한국경제,2025-11-06 17:27,naver_news_list_20251106_s401_p2.html
시황,401,001,0015728844,https://n.news.naver.com/mnews/article/001/0015728844,"삼성·NH아문디운용 ETF 2종, 존속기한 만료로 내달 상장폐지",연합뉴스,2025-11-06 17:25,naver_news_list_20251106_s401_p2.html
시황,401,009,0005585900,https://n.news.naver.com/mnews/article/009/0005585900,"[컨콜 종합] 넷마블, ‘7대죄 오리진’·‘몬길’ 내년 1분기 출격…신작 없는 4Q도 ‘자신’",매일경제,2025-11-06 17:24,naver_news_list_20251106_s401_p2.html
시황,401,011,0004552874,https://n.news.naver.com/mnews/article/011/0004552874,'블록딜 엑시트' 줄잇는 PEF…올 2.4조 회수[시그널],서울경제,2025-11-06 17:22,naver_news_list_20251106_s401_p2.html
시황,401,215,0001229903,https://n.news.naver.com/mnews/article/215/0001229903,"""3거래일 동안 5조5천억 내던졌다""…외인 '대량 매도' 나선 이유",한국경제TV,2025-11-06 17:18,naver_news_list_20251106_s401_p2.html
시황,401,018,0006157958,https://n.news.naver.com/mnews/article/018/0006157958,"거래소, 30년국채선물 활성화 세미나 개최",이데일리,2025-11-06 17:16,naver_news_list_20251106_s401_p2.html
시황,401,001,0015728809,https://n.news.naver.com/mnews/article/001/0015728809,"KB증권 ""코스피, 장기 강세장 시나리오 때 7,500까지 상승 가능""",연합뉴스,2025-11-06 17:12,naver_news_list_20251106_s401_p2.html
시황,401,018,0006157931,https://n.news.naver.com/mnews/article/018/0006157931,삼성·SK 아니네…수익률 치솟은 그룹주 ETF는,이데일리,2025-11-06 16:50,naver_news_list_20251106_s401_p2.html
시황,401,001,0015728747,https://n.news.naver.com/mnews/article/001/0015728747,개미들 매수 열풍에…'빚내서 투자' 25조8천억원 최고 기록 경신,연합뉴스,2025-11-06 16:39,naver_news_list_20251106_s401_p2.html
시황,401,014,0005430876,https://n.news.naver.com/mnews/article/014/0005430876,지수 올라도 반대매매 급증...'대형주 쏠림'에 빚투계좌 흔들,파이낸셜뉴스,2025-11-06 16:37,naver_news_list_20251106_s401_p2.html
시황,401,421,0008589761,https://n.news.naver.com/mnews/article/421/0008589761,SK하이닉스 2%대 강세…삼성전자는 다시 '9만전자'[핫종목],뉴스1,2025-11-06 16:30,naver_news_list_20251106_s401_p2.html
시황,401,008,0005274635,https://n.news.naver.com/mnews/article/008/0005274635,외국인 나흘간 6조8000억 순매도…코스피 숨고르기 이어질까,머니투데이,2025-11-06 16:29,naver_news_list_20251106_s401_p2.html
시황,401,008,0005274633,https://n.news.naver.com/mnews/article/008/0005274633,"""공포지수도 올랐다"" 패닉 수준…출렁이는 코스피, 향방은?",머니투데이,2025-11-06 16:29,naver_news_list_20251106_s401_p2.html
시황,401,018,0006157870,https://n.news.naver.com/mnews/article/018/0006157870,폭락장에도 ‘곱버스 개미’ 못 웃었다…하락 베팅 계속,이데일리,2025-11-06 16:28,naver_news_list_20251106_s401_p2.html
시황,401,011,0004552846,https://n.news.naver.com/mnews/article/011/0004552846,"KAI, 항공소재 228종 국산화 성공…“2030년까지 국산화율 50%”",서울경제,2025-11-06 16:22,naver_news_list_20251106_s401_p3.html
시황,401,014,0005430855,https://n.news.naver.com/mnews/article/014/0005430855,외인 매도에 사천피 위태…차익 실현·금리 불확실성에 '셀코리아',파이낸셜뉴스,2025-11-06 16:13,naver_news_list_20251106_s401_p3.html
시황,401,001,0015728677,https://n.news.naver.com/mnews/article/001/0015728677,"'널뛰기' 코스피, 개인 순매수에 4,020대 상승 마감(종합)",연합뉴스,2025-11-06 16:12,naver_news_list_20251106_s401_p3.html
시황,401,009,0005585846,https://n.news.naver.com/mnews/article/009/0005585846,"카디안운용, KIC 출신 김상준 신임 대표 선임",매일경제,2025-11-06 16:12,naver_news_list_20251106_s401_p3.html
시황,401,421,0008589703,https://n.news.naver.com/mnews/article/421/0008589703,"""상장 후 최대 낙폭""…달바글로벌, 20% 급락[핫종목]",뉴스1,2025-11-06 16:10,naver_news_list_20251106_s401_p3.html
시황,401,011,0004552839,https://n.news.naver.com/mnews/article/011/0004552839,"KCGI운용, 2030세대 겨냥 ‘TDF 2055·2060’ 출시",서울경제,2025-11-06 16:09,naver_news_list_20251106_s401_p3.html
시황,401,011,0004552837,https://n.news.naver.com/mnews/article/011/0004552837,등락 끝 4000피 지켜낸 코스피…'10만 전자·60만 닉스'는 탈환 실패 [마켓시그널],서울경제,2025-11-06 16:08,naver_news_list_20251106_s401_p3.html
시황,401,015,0005207925,https://n.news.naver.com/mnews/article/015/0005207925,코스피 팔아치우더니…'큰손들' 돈 싸들고 대이동 포착 [종목+],한국경제,2025-11-06 16:03,naver_news_list_20251106_s401_p3.html
시황,401,001,0015728653,https://n.news.naver.com/mnews/article/001/0015728653,"[특징주] 삼성전자, 9만원대로 하락 마감…SK하이닉스는 상승(종합)",연합뉴스,2025-11-06 16:02,naver_news_list_20251106_s401_p3.html
시황,401,009,0005585815,https://n.news.naver.com/mnews/article/009/0005585815,"넷마블, 3Q 매출 6960억·영업익 909억…내년 신작 8종 출격",매일경제,2025-11-06 16:01,naver_news_list_20251106_s401_p3.html
시황,401,001,0015728619,https://n.news.naver.com/mnews/article/001/0015728619,코스피 '반등',연합뉴스,2025-11-06 15:53,naver_news_list_20251106_s401_p3.html
시황,401,422,0000798911,https://n.news.naver.com/mnews/article/422/0000798911,"[속보] 코스피, 검은수요일 하루만 반등 성공",연합뉴스TV,2025-11-06 15:53,naver_news_list_20251106_s401_p3.html
시황,401,421,0008589618,https://n.news.naver.com/mnews/article/421/0008589618,"코스피, 널뛰기 장세 끝에 4020대 마감",뉴스1,2025-11-06 15:52,naver_news_list_20251106_s401_p3.html
시황,401,421,0008589617,https://n.news.naver.com/mnews/article/421/0008589617,"코스피, 널뛰기 장세 끝에 4020대 마감",뉴스1,2025-11-06 15:52,naver_news_list_20251106_s401_p3.html
시황,401,421,0008589609,https://n.news.naver.com/mnews/article/421/0008589609,코스피 '상승' 코스닥 '하락',뉴스1,2025-11-06 15:51,naver_news_list_20251106_s401_p3.html
시황,401,001,0015728610,https://n.news.naver.com/mnews/article/001/0015728610,코스피 '반등',연합뉴스,2025-11-06 15:51,naver_news_list_20251106_s401_p3.html
시황,401,001,0015728608,https://n.news.naver.com/mnews/article/001/0015728608,코스피 '반등',연합뉴스,2025-11-06 15:50,naver_news_list_20251106_s401_p3.html
시황,401,001,0015728607,https://n.news.naver.com/mnews/article/001/0015728607,코스피 '반등',연합뉴스,2025-11-06 15:50,naver_news_list_20251106_s401_p3.html
시황,401,421,0008589604,https://n.news.naver.com/mnews/article/421/0008589604,"코스피, 4020선으로 장 종료",뉴스1,2025-11-06 15:50,naver_news_list_20251106_s401_p3.html
시황,401,421,0008589603,https://n.news.naver.com/mnews/article/421/0008589603,4020선 안착하며 장 마친 코스피,뉴스1,2025-11-06 15:49,naver_news_list_20251106_s401_p3.html
시황,401,421,0008589602,https://n.news.naver.com/mnews/article/421/0008589602,4020선 안착한 코스피,뉴스1,2025-11-06 15:48,naver_news_list_20251106_s401_p4.html
시황,401,421,0008589600,https://n.news.naver.com/mnews/article/421/0008589600,"코스피, 4026으로 장 마감",뉴스1,2025-11-06 15:48,naver_news_list_20251106_s401_p4.html
시황,401,421,0008589599,https://n.news.naver.com/mnews/article/421/0008589599,"코스피, 반등하며 장 마감",뉴스1,2025-11-06 15:48,naver_news_list_20251106_s401_p4.html
시황,401,001,0015728603,https://n.news.naver.com/mnews/article/001/0015728603,고환율 걱정,연합뉴스,2025-11-06 15:48,naver_news_list_20251106_s401_p4.html
시황,401,277,0005675756,https://n.news.naver.com/mnews/article/277/0005675756,"롤러코스터 코스피, 등락 끝 4000선 사수…코스닥은 하락",아시아경제,2025-11-06 15:47,naver_news_list_20251106_s401_p4.html
시황,401,001,0015728602,https://n.news.naver.com/mnews/article/001/0015728602,고환율 걱정,연합뉴스,2025-11-06 15:47,naver_news_list_20251106_s401_p4.html
시황,401,008,0005274590,https://n.news.naver.com/mnews/article/008/0005274590,검은 수요일 이후 반등…외인 1.7조 매도에 개미·기관 매수 맞불,머니투데이,2025-11-06 15:47,naver_news_list_20251106_s401_p4.html
시황,401,001,0015728593,https://n.news.naver.com/mnews/article/001/0015728593,"코스피, 등락 끝에 4,020대 상승 마감",연합뉴스,2025-11-06 15:45,naver_news_list_20251106_s401_p4.html
시황,401,001,0015728584,https://n.news.naver.com/mnews/article/001/0015728584,"코스피, 등락 끝에 4,020대 상승 마감",연합뉴스,2025-11-06 15:45,naver_news_list_20251106_s401_p4.html
시황,401,015,0005207914,https://n.news.naver.com/mnews/article/015/0005207914,1조7000억 '매물폭탄' 버텨낸 코스피…'10만전자'는 무너졌다,한국경제,2025-11-06 15:44,naver_news_list_20251106_s401_p4.html
시황,401,001,0015728575,https://n.news.naver.com/mnews/article/001/0015728575,[특징주] 코스피 반등에 증권주도 상승(종합),연합뉴스,2025-11-06 15:43,naver_news_list_20251106_s401_p4.html
시황,401,001,0015728573,https://n.news.naver.com/mnews/article/001/0015728573,"코스피, 등락 끝에 4,020대 상승 마감",연합뉴스,2025-11-06 15:43,naver_news_list_20251106_s401_p4.html
시황,401,422,0000798906,https://n.news.naver.com/mnews/article/422/0000798906,"코스피 등락 거듭하다 4,020대 마감…코스닥은 하락",연합뉴스TV,2025-11-06 15:43,naver_news_list_20251106_s401_p4.html
시황,401,014,0005430814,https://n.news.naver.com/mnews/article/014/0005430814,"코스피, 외인 매도에도 3거래일만 반등 성공 [fn마감시황]",파이낸셜뉴스,2025-11-06 15:42,naver_news_list_20251106_s401_p4.html
시황,401,001,0015728533,https://n.news.naver.com/mnews/article/001/0015728533,"'널뛰기' 코스피, 등락 끝에 4,020대 상승 마감…코스닥은 하락",연합뉴스,2025-11-06 15:36,naver_news_list_20251106_s401_p4.html
시황,401,011,0004552813,https://n.news.naver.com/mnews/article/011/0004552813,"㈜GS, 3분기 영업이익 8706억…2분기대비 79.1% 증가",서울경제,2025-11-06 15:36,naver_news_list_20251106_s401_p4.html
시황,401,011,0004552811,https://n.news.naver.com/mnews/article/011/0004552811,[코스닥] 3.72포인트(0.41%) 내린 898.17 마감,서울경제,2025-11-06 15:34,naver_news_list_20251106_s401_p4.html
시황,401,001,0015728497,https://n.news.naver.com/mnews/article/001/0015728497,[코스닥] 3.72p(0.41%) 내린 898.17(장종료),연합뉴스,2025-11-06 15:32,naver_news_list_20251106_s401_p5.html
시황,401,001,0015728489,https://n.news.naver.com/mnews/article/001/0015728489,"[코스피] 22.03p(0.55%) 오른 4,026.45(장종료)",연합뉴스,2025-11-06 15:31,naver_news_list_20251106_s401_p5.html
시황,401,018,0006157648,https://n.news.naver.com/mnews/article/018/0006157648,"시지트로닉스, 스마트워치용 광센서 개발…글로벌 웨어러블 시장 공략",이데일리,2025-11-06 15:09,naver_news_list_20251106_s401_p5.html
시황,401,001,0015728243,https://n.news.naver.com/mnews/article/001/0015728243,"세나테크놀로지, 일반청약 경쟁률 885대 1…증거금 3.5조",연합뉴스,2025-11-06 14:57,naver_news_list_20251106_s401_p5.html
시황,401,009,0005585736,https://n.news.naver.com/mnews/article/009/0005585736,"거래소, 유럽서 기관 대상 라운드테이블 개최…코스피 성과 홍보",매일경제,2025-11-06 14:46,naver_news_list_20251106_s401_p5.html
시황,401,011,0004552763,https://n.news.naver.com/mnews/article/011/0004552763,"현정은 회장, 수능 앞두고 임직원 수험생 자녀에 응원 선물",서울경제,2025-11-06 14:20,naver_news_list_20251106_s401_p5.html
시황,401,001,0015728076,https://n.news.naver.com/mnews/article/001/0015728076,"거래소, 유럽서 '코스피 라운드테이블' 개최…시장 성과 홍보",연합뉴스,2025-11-06 14:19,naver_news_list_20251106_s401_p5.html
시황,401,001,0015728066,https://n.news.naver.com/mnews/article/001/0015728066,'검은 수요일' 주식 공매도 1조9천억원…2년3개월여만 최대,연합뉴스,2025-11-06 14:17,naver_news_list_20251106_s401_p5.html
시황,401,001,0015728045,https://n.news.naver.com/mnews/article/001/0015728045,캄보디아 리조트 통째로 빌려 '돼지도살 수법' 194억 사기(종합),연합뉴스,2025-11-06 14:13,naver_news_list_20251106_s401_p5.html
시황,401,015,0005207858,https://n.news.naver.com/mnews/article/015/0005207858,'SK하이닉스' 팔고 '삼성전자' 사는 외국인들…무슨 일?,한국경제,2025-11-06 14:13,naver_news_list_20251106_s401_p5.html
시황,401,011,0004552757,https://n.news.naver.com/mnews/article/011/0004552757,"4000피 떠받치는 개미 힘입어…증권주, 나란히 강세 [이런국장 저런주식]",서울경제,2025-11-06 14:12,naver_news_list_20251106_s401_p5.html
시황,401,011,0004552741,https://n.news.naver.com/mnews/article/011/0004552741,"""체중 감소 효과 월등"" 디앤디파마텍, 먹는 비만약 전임상 공개",서울경제,2025-11-06 13:56,naver_news_list_20251106_s401_p5.html
시황,401,018,0006157569,https://n.news.naver.com/mnews/article/018/0006157569,"거래소, 유럽서 '코스피 라운드테이블'…'4000피 시대' 성과 홍보",이데일리,2025-11-06 13:51,naver_news_list_20251106_s401_p5.html
시황,401,009,0005585696,https://n.news.naver.com/mnews/article/009/0005585696,"우리투자증권, 개인형 IRP 원리금비보장 5년 수익률 1위",매일경제,2025-11-06 13:44,naver_news_list_20251106_s401_p5.html
시황,401,014,0005430690,https://n.news.naver.com/mnews/article/014/0005430690,"코스피, 개인·기관 동반 순매수...SK하닉 강세 [fn오후시황]",파이낸셜뉴스,2025-11-06 13:41,naver_news_list_20251106_s401_p5.html
시황,401,011,0004552736,https://n.news.naver.com/mnews/article/011/0004552736,"코스피, 4000선 고지 싸움…롤러코스터 장세 연출 [마켓시그널]",서울경제,2025-11-06 13:41,naver_news_list_20251106_s401_p5.html
시황,401,215,0001229845,https://n.news.naver.com/mnews/article/215/0001229845,"""핵잠수함 이슈보다 더 중요한 촉매""…조선주, 내년 실적 기대감↑",한국경제TV,2025-11-06 13:35,naver_news_list_20251106_s401_p5.html
시황,401,011,0004552733,https://n.news.naver.com/mnews/article/011/0004552733,"미래에셋 韓 전력기기 ETF, 상장 후 한 달도 안 돼 순자산 2000억·수익률 1위",서울경제,2025-11-06 13:32,naver_news_list_20251106_s401_p5.html
시황,401,422,0000798848,https://n.news.naver.com/mnews/article/422/0000798848,[경제읽기] '검은 수요일' 뒤 코스피 혼조세…경상수지 29개월째 흑자,연합뉴스TV,2025-11-06 13:12,naver_news_list_20251106_s401_p5.html
시황,401,018,0006157523,https://n.news.naver.com/mnews/article/018/0006157523,"알테오젠, 코스피 이전상장 임시주총 12월 개최",이데일리,2025-11-06 12:30,naver_news_list_20251106_s401_p6.html
시황,401,001,0015727717,https://n.news.naver.com/mnews/article/001/0015727717,"금감원-서울청, 캄보디아 거점 리딩방 사기 조직 54명 검거",연합뉴스,2025-11-06 12:00,naver_news_list_20251106_s401_p6.html
시황,401,008,0005274408,https://n.news.naver.com/mnews/article/008/0005274408,"최태원 ""조금 더 오르길 희망""…증권가가 보는 상승여력은",머니투데이,2025-11-06 11:59,naver_news_list_20251106_s401_p6.html
시황,401,422,0000798828,https://n.news.naver.com/mnews/article/422/0000798828,'검은 수요일' 뒤 코스피 혼조세…4천선 안팎 등락,연합뉴스TV,2025-11-06 11:52,naver_news_list_20251106_s401_p6.html
시황,401,009,0005585657,https://n.news.naver.com/mnews/article/009/0005585657,"컴투스 XPLA, CONX로 리브랜딩",매일경제,2025-11-06 11:44,naver_news_list_20251106_s401_p6.html
시황,401,011,0004552701,https://n.news.naver.com/mnews/article/011/0004552701,"이틀간 10% 떨어졌지만 '줍줍' 기회…두산에너빌, 순매수 1위 [주식 초고수는 지금]",서울경제,2025-11-06 11:43,naver_news_list_20251106_s401_p6.html
시황,401,001,0015727549,https://n.news.naver.com/mnews/article/001/0015727549,"'널뛰기 장세' 코스피, 장중 4,000선 하회 뒤 4,010대로 상승",연합뉴스,2025-11-06 11:21,naver_news_list_20251106_s401_p6.html
시황,401,009,0005585636,https://n.news.naver.com/mnews/article/009/0005585636,"미래에셋증권, 3분기 순이익 3438억…전년비 19% 증가",매일경제,2025-11-06 11:19,naver_news_list_20251106_s401_p6.html
시황,401,009,0005585633,https://n.news.naver.com/mnews/article/009/0005585633,"NH투자증권, 연말까지 ‘연금저축 순입금 이벤트 시즌4’ 실시",매일경제,2025-11-06 11:17,naver_news_list_20251106_s401_p6.html
시황,401,009,0005585601,https://n.news.naver.com/mnews/article/009/0005585601,"“코스피 7500 간다, 조정은 쉼표일뿐”…강세장 예측한 강심장 증권사는",매일경제,2025-11-06 10:59,naver_news_list_20251106_s401_p6.html
시황,401,015,0005207778,https://n.news.naver.com/mnews/article/015/0005207778,李 대통령 '오천피' 약속했는데…증권가 '파격 전망' 나왔다,한국경제,2025-11-06 10:52,naver_news_list_20251106_s401_p6.html
시황,401,009,0005585593,https://n.news.naver.com/mnews/article/009/0005585593,"“2025년, 암호화폐 주류 편입 원년”…기관 자금 1750억弗 ‘싹쓸이’",매일경제,2025-11-06 10:49,naver_news_list_20251106_s401_p6.html
시황,401,009,0005585589,https://n.news.naver.com/mnews/article/009/0005585589,오른 종목 위주로 떨어졌다...삼전·하닉 빼면 코스피 하락률 3%대,매일경제,2025-11-06 10:47,naver_news_list_20251106_s401_p6.html
시황,401,009,0005585587,https://n.news.naver.com/mnews/article/009/0005585587,트럼프 “코인판 승자는 미국돼야…사면받은 창펑자오 누군지도 모른다”,매일경제,2025-11-06 10:45,naver_news_list_20251106_s401_p6.html
시황,401,009,0005585582,https://n.news.naver.com/mnews/article/009/0005585582,"리플, 마스터카드와 ‘초대형 동맹’ 선포",매일경제,2025-11-06 10:42,naver_news_list_20251106_s401_p6.html
시황,401,009,0005585580,https://n.news.naver.com/mnews/article/009/0005585580,"“급등락 자주 나타날 것, 그래도 방향은 5천피”…코스피 우상향 전망 이유",매일경제,2025-11-06 10:36,naver_news_list_20251106_s401_p6.html
시황,401,015,0005207761,https://n.news.naver.com/mnews/article/015/0005207761,4000선 무너졌다 회복한 코스피…삼성전자는 10만원선 공방,한국경제,2025-11-06 10:32,naver_news_list_20251106_s401_p6.html
시황,401,422,0000798793,https://n.news.naver.com/mnews/article/422/0000798793,"[속보] 코스피, 장중 하락 전환…다시 4천선 아래로",연합뉴스TV,2025-11-06 10:31,naver_news_list_20251106_s401_p6.html
시황,401,001,0015727339,https://n.news.naver.com/mnews/article/001/0015727339,셧다운 해제는 언제?…유동성 경색 우려에 한미 증시 발목,연합뉴스,2025-11-06 10:30,naver_news_list_20251106_s401_p6.html
시황,401,215,0001229805,https://n.news.naver.com/mnews/article/215/0001229805,코스피·코스닥 하루 만에 '반등'…반도체 투톱 '강세',한국경제TV,2025-11-06 10:04,naver_news_list_20251106_s401_p6.html
시황,401,011,0004552643,https://n.news.naver.com/mnews/article/011/0004552643,"군인공제회, 4800억 위탁 PE·VC 운용사 20곳 선정[시그널]",서울경제,2025-11-06 10:03,naver_news_list_20251106_s401_p7.html
시황,401,008,0005274310,https://n.news.naver.com/mnews/article/008/0005274310,"""공포에 샀어야 했나"" 반갑다 60만닉스…장중 터치",머니투데이,2025-11-06 10:01,naver_news_list_20251106_s401_p7.html
시황,401,018,0006157335,https://n.news.naver.com/mnews/article/018/0006157335,"KCGI운용, TDF 라인업 확대…2030세대 겨냥 상품 출시",이데일리,2025-11-06 09:58,naver_news_list_20251106_s401_p7.html
시황,401,009,0005585529,https://n.news.naver.com/mnews/article/009/0005585529,떠오르는 사모대출 시장…“변동성 저감·수익률 향상 두 마리 토끼 노린다”[GAII2025],매일경제,2025-11-06 09:58,naver_news_list_20251106_s401_p7.html
시황,401,001,0015727157,https://n.news.naver.com/mnews/article/001/0015727157,"한화투자증권, 연금저축·IRP 순입금 시 상품권 지급 이벤트",연합뉴스,2025-11-06 09:55,naver_news_list_20251106_s401_p7.html
시황,401,421,0008588309,https://n.news.naver.com/mnews/article/421/0008588309,"기대치 밑돈 실적에…미래에셋증권, 주가 9% 급락[핫종목]",뉴스1,2025-11-06 09:55,naver_news_list_20251106_s401_p7.html
시황,401,421,0008588252,https://n.news.naver.com/mnews/article/421/0008588252,상승 출발한 코스피,뉴스1,2025-11-06 09:45,naver_news_list_20251106_s401_p7.html
시황,401,018,0006157314,https://n.news.naver.com/mnews/article/018/0006157314,"'유상증자 흥행' 샤페론, 장초반 5%↑[특징주]",이데일리,2025-11-06 09:45,naver_news_list_20251106_s401_p7.html
시황,401,009,0005585522,https://n.news.naver.com/mnews/article/009/0005585522,"코스피 하루만에 반등하자 증권주 ‘꿈틀’…키움증권, 2%대 강세",매일경제,2025-11-06 09:43,naver_news_list_20251106_s401_p7.html
시황,401,011,0004552625,https://n.news.naver.com/mnews/article/011/0004552625,"삼성중공업, 美조선업 현대화 속도",서울경제,2025-11-06 09:42,naver_news_list_20251106_s401_p7.html
시황,401,421,0008588222,https://n.news.naver.com/mnews/article/421/0008588222,4100선 회복한 코스피,뉴스1,2025-11-06 09:40,naver_news_list_20251106_s401_p7.html
시황,401,421,0008588220,https://n.news.naver.com/mnews/article/421/0008588220,"코스피 상승, 환율 하락 출발",뉴스1,2025-11-06 09:39,naver_news_list_20251106_s401_p7.html
시황,401,421,0008588211,https://n.news.naver.com/mnews/article/421/0008588211,4100선 회복한 코스피,뉴스1,2025-11-06 09:39,naver_news_list_20251106_s401_p7.html
시황,401,421,0008588210,https://n.news.naver.com/mnews/article/421/0008588210,4100선 회복한 코스피,뉴스1,2025-11-06 09:38,naver_news_list_20251106_s401_p7.html
시황,401,421,0008588208,https://n.news.naver.com/mnews/article/421/0008588208,"코스피·코스닥, 상승 출발",뉴스1,2025-11-06 09:38,naver_news_list_20251106_s401_p7.html
시황,401,421,0008588207,https://n.news.naver.com/mnews/article/421/0008588207,4100선 회복한 코스피,뉴스1,2025-11-06 09:38,naver_news_list_20251106_s401_p7.html
시황,401,421,0008588206,https://n.news.naver.com/mnews/article/421/0008588206,"코스피·코스닥, 상승 출발",뉴스1,2025-11-06 09:38,naver_news_list_20251106_s401_p7.html
시황,401,277,0005675340,https://n.news.naver.com/mnews/article/277/0005675340,"코스피, 하루 만에 반등…반도체株 저가 매수 유입",아시아경제,2025-11-06 09:38,naver_news_list_20251106_s401_p7.html
시황,401,001,0015727091,https://n.news.naver.com/mnews/article/001/0015727091,"[특징주] 한성크린텍, 삼성전자 평택공장 수주 소식에 상한가",연합뉴스,2025-11-06 09:36,naver_news_list_20251106_s401_p7.html
시황,401,011,0004552618,https://n.news.naver.com/mnews/article/011/0004552618,"기대 못 미친 실적에 달바글로벌 급락…화장품株, 일제히 약세 [이런국장 저런주식]",서울경제,2025-11-06 09:35,naver_news_list_20251106_s401_p7.html
시황,401,011,0004552615,https://n.news.naver.com/mnews/article/011/0004552615,"""코스피 단기 조정은 쉼표일 뿐""…최대 7500포인트까지 갈 수 있다는 KB證",서울경제,2025-11-06 09:32,naver_news_list_20251106_s401_p8.html
시황,401,001,0015727061,https://n.news.naver.com/mnews/article/001/0015727061,"코스피, 저가 매수세에 4,050대 상승…반도체주 반등(종합)",연합뉴스,2025-11-06 09:28,naver_news_list_20251106_s401_p8.html
시황,401,014,0005430488,https://n.news.naver.com/mnews/article/014/0005430488,"코스피, 3거래일만 반등...4000선 굳히기 [fn오전시황]",파이낸셜뉴스,2025-11-06 09:27,naver_news_list_20251106_s401_p8.html
시황,401,018,0006157288,https://n.news.naver.com/mnews/article/018/0006157288,"에스엠, ""아시아권 팬덤 확장 한계"" 증권가 전망에 3%↓[특징주]",이데일리,2025-11-06 09:27,naver_news_list_20251106_s401_p8.html
시황,401,018,0006157286,https://n.news.naver.com/mnews/article/018/0006157286,"삼성전기 ""유리기판 양산"" 계획에 관련株 동반 강세[특징주]",이데일리,2025-11-06 09:25,naver_news_list_20251106_s401_p8.html
시황,401,018,0006157285,https://n.news.naver.com/mnews/article/018/0006157285,"LG전자, 3%대↑…인도 현지서 아이폰 생산장비 공급 소식[특징주]",이데일리,2025-11-06 09:25,naver_news_list_20251106_s401_p8.html
시황,401,001,0015727051,https://n.news.naver.com/mnews/article/001/0015727051,"[특징주] SK하이닉스, 장초반 3%대 상승…한때 '60만닉스' 탈환",연합뉴스,2025-11-06 09:25,naver_news_list_20251106_s401_p8.html
시황,401,421,0008588169,https://n.news.naver.com/mnews/article/421/0008588169,'3분기 실적부진' 달바글로벌…장초반 11% 급락[핫종목],뉴스1,2025-11-06 09:23,naver_news_list_20251106_s401_p8.html
시황,401,014,0005430480,https://n.news.naver.com/mnews/article/014/0005430480,"KB증권 ""코스피, 장기 강세 이어지면 7500까지 상승""",파이낸셜뉴스,2025-11-06 09:20,naver_news_list_20251106_s401_p8.html
시황,401,018,0006157276,https://n.news.naver.com/mnews/article/018/0006157276,"달바글로벌, 시장 기대치 밑도는 실적에 11%대 약세[특징주]",이데일리,2025-11-06 09:20,naver_news_list_20251106_s401_p8.html
시황,401,011,0004552605,https://n.news.naver.com/mnews/article/011/0004552605,"김윤 삼양그룹 회장 ""새로운 100년 역사, R&D 강화로 초석 다져야""",서울경제,2025-11-06 09:20,naver_news_list_20251106_s401_p8.html
시황,401,018,0006157275,https://n.news.naver.com/mnews/article/018/0006157275,"산일전기, ESS·데이터센터 수요 확산 수혜 기대에 '52주 신고가'[특징주]",이데일리,2025-11-06 09:19,naver_news_list_20251106_s401_p8.html
시황,401,025,0003480792,https://n.news.naver.com/mnews/article/025/0003480792,"코스피, 장 초반 1.7% 상승 4070대 회복",중앙일보,2025-11-06 09:18,naver_news_list_20251106_s401_p8.html
시황,401,001,0015727034,https://n.news.naver.com/mnews/article/001/0015727034,코스피ㆍ코스닥 상승 개장,연합뉴스,2025-11-06 09:18,naver_news_list_20251106_s401_p8.html
시황,401,018,0006157269,https://n.news.naver.com/mnews/article/018/0006157269,엔비디아·삼성도 주목…폭풍질주 '코스닥 따블주' 정체는,이데일리,2025-11-06 09:17,naver_news_list_20251106_s401_p8.html
시황,401,001,0015727027,https://n.news.naver.com/mnews/article/001/0015727027,[특징주] 코스피 반등에 증권주도 상승,연합뉴스,2025-11-06 09:16,naver_news_list_20251106_s401_p8.html
시황,401,018,0006157267,https://n.news.naver.com/mnews/article/018/0006157267,'동학개미 운동'의 부활?…증권주들 일제히 강세[특징주],이데일리,2025-11-06 09:16,naver_news_list_20251106_s401_p8.html
시황,401,008,0005274268,https://n.news.naver.com/mnews/article/008/0005274268,코스피 4100선 회복…개인·기관 동반 매수,머니투데이,2025-11-06 09:15,naver_news_list_20251106_s401_p8.html
시황,401,421,0008588152,https://n.news.naver.com/mnews/article/421/0008588152,"삼성전자, 다시 '10만전자'…SK하이닉스도 60만원 '터치'[핫종목]",뉴스1,2025-11-06 09:15,naver_news_list_20251106_s401_p8.html
시황,401,001,0015727022,https://n.news.naver.com/mnews/article/001/0015727022,코스피ㆍ코스닥 상승 개장,연합뉴스,2025-11-06 09:15,naver_news_list_20251106_s401_p8.html
시황,401,001,0015727021,https://n.news.naver.com/mnews/article/001/0015727021,코스피ㆍ코스닥 상승 개장,연합뉴스,2025-11-06 09:15,naver_news_list_20251106_s401_p9.html
시황,401,001,0015727020,https://n.news.naver.com/mnews/article/001/0015727020,상승 개장한 코스피,연합뉴스,2025-11-06 09:15,naver_news_list_20251106_s401_p9.html
시황,401,001,0015727019,https://n.news.naver.com/mnews/article/001/0015727019,상승 개장한 코스피,연합뉴스,2025-11-06 09:15,naver_news_list_20251106_s401_p9.html
시황,401,001,0015727018,https://n.news.naver.com/mnews/article/001/0015727018,상승 개장한 코스피,연합뉴스,2025-11-06 09:14,naver_news_list_20251106_s401_p9.html
시황,401,001,0015727012,https://n.news.naver.com/mnews/article/001/0015727012,코스피ㆍ코스닥 상승 개장,연합뉴스,2025-11-06 09:12,naver_news_list_20251106_s401_p9.html
시황,401,018,0006157257,https://n.news.naver.com/mnews/article/018/0006157257,"'목표가 300만' 효성중공업, 사흘 만에 반등…8%↑[특징주]",이데일리,2025-11-06 09:12,naver_news_list_20251106_s401_p9.html
시황,401,001,0015727010,https://n.news.naver.com/mnews/article/001/0015727010,코스피ㆍ코스닥 상승 개장,연합뉴스,2025-11-06 09:11,naver_news_list_20251106_s401_p9.html
시황,401,001,0015727009,https://n.news.naver.com/mnews/article/001/0015727009,코스피ㆍ코스닥 상승 개장,연합뉴스,2025-11-06 09:11,naver_news_list_20251106_s401_p9.html
시황,401,001,0015727008,https://n.news.naver.com/mnews/article/001/0015727008,코스피ㆍ코스닥 상승 개장,연합뉴스,2025-11-06 09:11,naver_news_list_20251106_s401_p9.html
시황,401,018,0006157256,https://n.news.naver.com/mnews/article/018/0006157256,"삼성전자, SK하이닉스 하루만에 다시 '빨간불'[특징주]",이데일리,2025-11-06 09:11,naver_news_list_20251106_s401_p9.html
시황,401,018,0006157254,https://n.news.naver.com/mnews/article/018/0006157254,"롯데관광개발, 역대 최대 실적 기록…6%대 강세[특징주]",이데일리,2025-11-06 09:10,naver_news_list_20251106_s401_p9.html
시황,401,011,0004552598,https://n.news.naver.com/mnews/article/011/0004552598,[코스피] 88.04포인트(2.20%) 오른 4092.46 출발,서울경제,2025-11-06 09:05,naver_news_list_20251106_s401_p9.html
시황,401,001,0015726984,https://n.news.naver.com/mnews/article/001/0015726984,"코스피, 장 초반 2%대 상승 4,100대 회복",연합뉴스,2025-11-06 09:04,naver_news_list_20251106_s401_p9.html
시황,401,011,0004552597,https://n.news.naver.com/mnews/article/011/0004552597,[코스닥] 13.54포인트(1.50%) 오른 915.43 출발,서울경제,2025-11-06 09:04,naver_news_list_20251106_s401_p9.html
시황,401,015,0005207681,https://n.news.naver.com/mnews/article/015/0005207681,[속보] 코스피 4100선 회복했지만…외국인 매도 이어져,한국경제,2025-11-06 09:04,naver_news_list_20251106_s401_p9.html
시황,401,001,0015726971,https://n.news.naver.com/mnews/article/001/0015726971,"[코스피] 88.04p(2.20%) 오른 4,092.46(개장)",연합뉴스,2025-11-06 09:01,naver_news_list_20251106_s401_p9.html
기업,402,015,0005208132,https://n.news.naver.com/mnews/article/015/0005208132,"김구라 ""나도 샀다""던 이 종목…하루 만에 '화들짝' [종목+]",한국경제,2025-11-06 22:01,naver_news_list_20251106_s402_p1.html
기업,402,018,0006158029,https://n.news.naver.com/mnews/article/018/0006158029,"거래소, 덕양에너젠 코스닥 상장예심 승인",이데일리,2025-11-06 18:42,naver_news_list_20251106_s402_p1.html
기업,402,009,0005586041,https://n.news.naver.com/mnews/article/009/0005586041,"‘승리의 여신: 니케’, 3주년 업데이트로 매출 순위 역주행 ‘성공’",매일경제,2025-11-06 18:20,naver_news_list_20251106_s402_p1.html
기업,402,014,0005430949,https://n.news.naver.com/mnews/article/014/0005430949,‘천스닥’ 언제 오나… 지수 ETF 담은 개인들 시무룩,파이낸셜뉴스,2025-11-06 18:15,naver_news_list_20251106_s402_p1.html
기업,402,014,0005430947,https://n.news.naver.com/mnews/article/014/0005430947,"연기금·기관, 이차전지 줄이고 바이오주 담아",파이낸셜뉴스,2025-11-06 18:15,naver_news_list_20251106_s402_p1.html
기업,402,015,0005208056,https://n.news.naver.com/mnews/article/015/0005208056,"법원, 홈플러스 회생계획안 제출기간 내달 29일까지 연장",한국경제,2025-11-06 17:57,naver_news_list_20251106_s402_p1.html
기업,402,009,0005586009,https://n.news.naver.com/mnews/article/009/0005586009,"""K팝 음원수익 활용 … 자산담보부대출 유망""",매일경제,2025-11-06 17:55,naver_news_list_20251106_s402_p1.html
기업,402,015,0005208032,https://n.news.naver.com/mnews/article/015/0005208032,"FIU, '고객확인의무 위반' 두나무에 과태료 352억",한국경제,2025-11-06 17:45,naver_news_list_20251106_s402_p1.html
기업,402,009,0005585920,https://n.news.naver.com/mnews/article/009/0005585920,"FIU, 두나무에 과태료 352억 부과…‘고객확인의무’ 위반",매일경제,2025-11-06 17:36,naver_news_list_20251106_s402_p1.html
기업,402,008,0005274707,https://n.news.naver.com/mnews/article/008/0005274707,"CJ CGV, 3분기 영업익 234억…""동남아 성장세 지속""",머니투데이,2025-11-06 17:18,naver_news_list_20251106_s402_p1.html
기업,402,015,0005207978,https://n.news.naver.com/mnews/article/015/0005207978,"유비쿼스, 세계 첫 AI 기반 유·무선 광통신 솔루션 선봬",한국경제,2025-11-06 17:13,naver_news_list_20251106_s402_p1.html
기업,402,014,0005430883,https://n.news.naver.com/mnews/article/014/0005430883,"한국투자증권 베트남, 7890만 주 유상증자 관련 일부조정안 주주 의견 수렴",파이낸셜뉴스,2025-11-06 16:48,naver_news_list_20251106_s402_p1.html
기업,402,014,0005430878,https://n.news.naver.com/mnews/article/014/0005430878,"“30년국채선물 적극 활용해야”…한국거래소, 보험연구원 공동 세미나 개최",파이낸셜뉴스,2025-11-06 16:37,naver_news_list_20251106_s402_p1.html
기업,402,014,0005430877,https://n.news.naver.com/mnews/article/014/0005430877,"한국거래소, 유럽에서 코스피 세일즈...70여개 기관 관심",파이낸셜뉴스,2025-11-06 16:37,naver_news_list_20251106_s402_p1.html
기업,402,015,0005207937,https://n.news.naver.com/mnews/article/015/0005207937,"거래소, 30년 국채 선물 활성화 세미나 개최",한국경제,2025-11-06 16:21,naver_news_list_20251106_s402_p1.html
기업,402,014,0005430863,https://n.news.naver.com/mnews/article/014/0005430863,코스닥 반등 언제쯤...지수 ETF 사모은 개미 시무룩,파이낸셜뉴스,2025-11-06 16:18,naver_news_list_20251106_s402_p2.html
기업,402,015,0005207932,https://n.news.naver.com/mnews/article/015/0005207932,"""시진핑·이재명 만남에 기대했는데""…개미들 비명 터졌다",한국경제,2025-11-06 16:08,naver_news_list_20251106_s402_p2.html
기업,402,009,0005585813,https://n.news.naver.com/mnews/article/009/0005585813,"한투운용, ACE 미국AI테크핵심산업액티브 ETF 순자산 1000억원 돌파",매일경제,2025-11-06 16:00,naver_news_list_20251106_s402_p2.html
기업,402,009,0005585809,https://n.news.naver.com/mnews/article/009/0005585809,"IBK證, 부동산금융 부문 대대적 조직개편 나섰다",매일경제,2025-11-06 15:57,naver_news_list_20251106_s402_p2.html
기업,402,009,0005585808,https://n.news.naver.com/mnews/article/009/0005585808,"미래에셋증권, 3분기 영업익 40% 감소…“회계상 착시”",매일경제,2025-11-06 15:56,naver_news_list_20251106_s402_p2.html
기업,402,001,0015728594,https://n.news.naver.com/mnews/article/001/0015728594,"GS, 3분기 영업이익 8천706억원, 37.8%↑…정유부문 선전",연합뉴스,2025-11-06 15:45,naver_news_list_20251106_s402_p2.html
기업,402,008,0005274589,https://n.news.naver.com/mnews/article/008/0005274589,"""SK하이닉스 어제 주울걸"" 혼자 쭉쭉…삼성전자와 시총 1위 경쟁",머니투데이,2025-11-06 15:45,naver_news_list_20251106_s402_p2.html
기업,402,014,0005430808,https://n.news.naver.com/mnews/article/014/0005430808,"카디안자산운용, 김상준 신임 대표 선임",파이낸셜뉴스,2025-11-06 15:38,naver_news_list_20251106_s402_p2.html
기업,402,015,0005207905,https://n.news.naver.com/mnews/article/015/0005207905,성시경도 못막은 암표상…국세청 칼 빼들었다,한국경제,2025-11-06 15:37,naver_news_list_20251106_s402_p2.html
기업,402,015,0005207904,https://n.news.naver.com/mnews/article/015/0005207904,"밸로프, '지스타 2025' 참가…글로벌 시장 공략 솔루션 제안",한국경제,2025-11-06 15:35,naver_news_list_20251106_s402_p2.html
기업,402,014,0005430783,https://n.news.naver.com/mnews/article/014/0005430783,"연기금·기관, 코스피서 차익실현… 코스닥선 바이오 ‘줍줍’",파이낸셜뉴스,2025-11-06 15:11,naver_news_list_20251106_s402_p2.html
기업,402,014,0005430761,https://n.news.naver.com/mnews/article/014/0005430761,"2025 '회계인명예의전당' 회계발전 기여상, 박종성 숙명여대 교수 선정",파이낸셜뉴스,2025-11-06 14:50,naver_news_list_20251106_s402_p2.html
기업,402,014,0005430756,https://n.news.naver.com/mnews/article/014/0005430756,"CJ ENM, 3분기 '제베원' '보이즈2플래닛' 인기에 영익 11%↑",파이낸셜뉴스,2025-11-06 14:37,naver_news_list_20251106_s402_p2.html
기업,402,015,0005207859,https://n.news.naver.com/mnews/article/015/0005207859,"""김구라도 금 사서 돈 버는데…"" 국정감사에 소환된 이유",한국경제,2025-11-06 14:17,naver_news_list_20251106_s402_p2.html
기업,402,015,0005207855,https://n.news.naver.com/mnews/article/015/0005207855,"거래소, 유럽서 기관 대상 라운드테이블 개최",한국경제,2025-11-06 14:11,naver_news_list_20251106_s402_p2.html
기업,402,008,0005274489,https://n.news.naver.com/mnews/article/008/0005274489,"호무로, 겨울침구 알러젠 열풍에 CJ최화정쇼 '전량매진'",머니투데이,2025-11-06 14:06,naver_news_list_20251106_s402_p2.html
기업,402,015,0005207845,https://n.news.naver.com/mnews/article/015/0005207845,"에스오에스랩, 국내 최대 로봇 전시회 '로보월드' 참가",한국경제,2025-11-06 13:53,naver_news_list_20251106_s402_p2.html
기업,402,014,0005430693,https://n.news.naver.com/mnews/article/014/0005430693,"NH투자증권, 연금저축 순입금 이벤트..""연금저축 입금 시 상품권""",파이낸셜뉴스,2025-11-06 13:41,naver_news_list_20251106_s402_p3.html
기업,402,014,0005430684,https://n.news.naver.com/mnews/article/014/0005430684,"DB증권, DB-케이원 한미주식형 랩 출시",파이낸셜뉴스,2025-11-06 13:32,naver_news_list_20251106_s402_p3.html
기업,402,015,0005207833,https://n.news.naver.com/mnews/article/015/0005207833,"""안세영 유니폼에 그 회사가 이 회사였어?""…우승 합작 눈길",한국경제,2025-11-06 13:31,naver_news_list_20251106_s402_p3.html
기업,402,014,0005430680,https://n.news.naver.com/mnews/article/014/0005430680,"금감원, 서울청 공조로 캄보디아 거점 리딩방 사기조직 54명 검거",파이낸셜뉴스,2025-11-06 13:29,naver_news_list_20251106_s402_p3.html
기업,402,008,0005274449,https://n.news.naver.com/mnews/article/008/0005274449,삼성 공장에 100억 설비 납품 공시…코스닥상장사 상한가,머니투데이,2025-11-06 13:13,naver_news_list_20251106_s402_p3.html
기업,402,015,0005207826,https://n.news.naver.com/mnews/article/015/0005207826,"미래에셋증권, 3분기 영업익 급감…""회계상 착시"" 해명 [종합]",한국경제,2025-11-06 13:02,naver_news_list_20251106_s402_p3.html
기업,402,015,0005207822,https://n.news.naver.com/mnews/article/015/0005207822,'검은 수요일' 주식 공매도 1.9조원…전면 재개 후 최대치,한국경제,2025-11-06 12:51,naver_news_list_20251106_s402_p3.html
기업,402,015,0005207814,https://n.news.naver.com/mnews/article/015/0005207814,"""윌유 메리 미?""…결혼 10쌍 중 1쌍 '다문화 부부'",한국경제,2025-11-06 12:01,naver_news_list_20251106_s402_p3.html
기업,402,215,0001229832,https://n.news.naver.com/mnews/article/215/0001229832,"사토시홀딩스, CES 2026 사이버보안 부문 혁신상 수상",한국경제TV,2025-11-06 11:38,naver_news_list_20251106_s402_p3.html
기업,402,009,0005585648,https://n.news.naver.com/mnews/article/009/0005585648,"‘AI 거품’ 우려 해소됐나…SK하이닉스, 낙폭 회복하며 2%대 오름세",매일경제,2025-11-06 11:30,naver_news_list_20251106_s402_p3.html
기업,402,008,0005274394,https://n.news.naver.com/mnews/article/008/0005274394,"""인도 아이폰 17 공장에 장비 공급""…LG전자 5% 강세",머니투데이,2025-11-06 11:15,naver_news_list_20251106_s402_p3.html
기업,402,015,0005207794,https://n.news.naver.com/mnews/article/015/0005207794,"DB증권, DB&케이원 한미주식형 랩 출시",한국경제,2025-11-06 11:14,naver_news_list_20251106_s402_p3.html
기업,402,014,0005430617,https://n.news.naver.com/mnews/article/014/0005430617,"KB자산운용, RISE 투자 세미나 성황리 개최...""2026년 ETF 투자 어떻게 할까""",파이낸셜뉴스,2025-11-06 11:07,naver_news_list_20251106_s402_p3.html
기업,402,014,0005430612,https://n.news.naver.com/mnews/article/014/0005430612,"미래에셋 ‘TIGER 코리아AI전력기기TOP3플러스 ETF’, 순자산 2000억원 돌파",파이낸셜뉴스,2025-11-06 11:04,naver_news_list_20251106_s402_p3.html
기업,402,009,0005585606,https://n.news.naver.com/mnews/article/009/0005585606,"에이프로젠, 허셉틴 바이오시밀러 임상전략 재편 … 글로벌시장 진입 가속화",매일경제,2025-11-06 11:03,naver_news_list_20251106_s402_p3.html
기업,402,014,0005430603,https://n.news.naver.com/mnews/article/014/0005430603,"SK바이오팜, 깜짝실적에 美관세 완화 수혜까지... 에쓰오일, 대규모 흑자 전환 성공 [株토피아]",파이낸셜뉴스,2025-11-06 11:01,naver_news_list_20251106_s402_p3.html
기업,402,014,0005430585,https://n.news.naver.com/mnews/article/014/0005430585,"이지스자산운용, 안성 남사성은 물류센터 임대율 90% 달성...매각 수순",파이낸셜뉴스,2025-11-06 10:49,naver_news_list_20251106_s402_p3.html
기업,402,009,0005585588,https://n.news.naver.com/mnews/article/009/0005585588,"‘SK스토아 M&A’ 진심인 퀸잇, 인수금 대 줄 깐부 확보가 최대 관건",매일경제,2025-11-06 10:45,naver_news_list_20251106_s402_p3.html
기업,402,009,0005585586,https://n.news.naver.com/mnews/article/009/0005585586,"미래에셋, TIGER 코리아AI전력기기TOP3플러스 ETF 순자산 2000억원 돌파",매일경제,2025-11-06 10:43,naver_news_list_20251106_s402_p4.html
기업,402,015,0005207765,https://n.news.naver.com/mnews/article/015/0005207765,"""매년 2만원씩 뜯긴다고?""…교육세 인상의 '부메랑' [김익환의 부처 핸즈업]",한국경제,2025-11-06 10:35,naver_news_list_20251106_s402_p4.html
기업,402,014,0005430570,https://n.news.naver.com/mnews/article/014/0005430570,"KCGI운용, MZ세대 위한 ‘KCGI프리덤TDF 2055·2060’ 신규 출시",파이낸셜뉴스,2025-11-06 10:25,naver_news_list_20251106_s402_p4.html
기업,402,014,0005430569,https://n.news.naver.com/mnews/article/014/0005430569,"한국 딜로이트 그룹, 신입 회계사와 ‘생태계 보호 및 지역사회 나눔’ 실천",파이낸셜뉴스,2025-11-06 10:24,naver_news_list_20251106_s402_p4.html
기업,402,277,0005675391,https://n.news.naver.com/mnews/article/277/0005675391,"센코, 글로벌 시장 공략 강화…중동·유럽 전시회 참가",아시아경제,2025-11-06 10:21,naver_news_list_20251106_s402_p4.html
기업,402,277,0005675386,https://n.news.naver.com/mnews/article/277/0005675386,"휴먼테크놀로지, 휴먼아고스 안티드론 시스템 APEC 실전 투입…""기술력·경쟁력 입증""",아시아경제,2025-11-06 10:19,naver_news_list_20251106_s402_p4.html
기업,402,277,0005675384,https://n.news.naver.com/mnews/article/277/0005675384,"헥토이노베이션, 분기 최대 실적 경신…매출 956억",아시아경제,2025-11-06 10:18,naver_news_list_20251106_s402_p4.html
기업,402,277,0005675381,https://n.news.naver.com/mnews/article/277/0005675381,"제론셀베인, '대한줄기세포치료학회'서 재생의학 치료 혁신 기술 PDRN 강연",아시아경제,2025-11-06 10:15,naver_news_list_20251106_s402_p4.html
기업,402,014,0005430554,https://n.news.naver.com/mnews/article/014/0005430554,"삼일PwC, 지스타에서 '게임기업 글로벌 전략·재무 인사이트' 세미나 개최",파이낸셜뉴스,2025-11-06 10:14,naver_news_list_20251106_s402_p4.html
기업,402,009,0005585549,https://n.news.naver.com/mnews/article/009/0005585549,"크래프톤, ‘딩컴’ 닌텐도 스위치 버전 글로벌 정식 출시",매일경제,2025-11-06 10:11,naver_news_list_20251106_s402_p4.html
기업,402,009,0005585546,https://n.news.naver.com/mnews/article/009/0005585546,"컴투스, 코단샤 ‘가치아쿠타’ 등 IP 다수 작품 게임화 추진 ‘합의’",매일경제,2025-11-06 10:07,naver_news_list_20251106_s402_p4.html
기업,402,014,0005430540,https://n.news.naver.com/mnews/article/014/0005430540,"한화투자증권, ‘연금자산 더블 혜택 이벤트’ 실시",파이낸셜뉴스,2025-11-06 10:06,naver_news_list_20251106_s402_p4.html
기업,402,014,0005430539,https://n.news.naver.com/mnews/article/014/0005430539,"한투운용 ACE 미국AI테크핵심산업액티브 ETF, 순자산액 1000억원 돌파",파이낸셜뉴스,2025-11-06 10:06,naver_news_list_20251106_s402_p4.html
기업,402,014,0005430538,https://n.news.naver.com/mnews/article/014/0005430538,"제론셀베인, ‘대한줄기세포치료학회’에서 PDRN 강연",파이낸셜뉴스,2025-11-06 10:06,naver_news_list_20251106_s402_p4.html
기업,402,008,0005274311,https://n.news.naver.com/mnews/article/008/0005274311,"티로보틱스, 자동화 로봇 라인업 선보여…""휴머노이드 개발 완료 단계""",머니투데이,2025-11-06 10:05,naver_news_list_20251106_s402_p4.html
기업,402,277,0005675370,https://n.news.naver.com/mnews/article/277/0005675370,"헥토파이낸셜, 3분기 별도 영업익 51억 역대 최대…""신규사업 본격화""",아시아경제,2025-11-06 10:04,naver_news_list_20251106_s402_p4.html
기업,402,009,0005585536,https://n.news.naver.com/mnews/article/009/0005585536,"플레이위드, ‘드래곤 플라이트2’ 사전 예약 50만 돌파",매일경제,2025-11-06 10:02,naver_news_list_20251106_s402_p4.html
기업,402,277,0005675358,https://n.news.naver.com/mnews/article/277/0005675358,"[인터뷰]""주요 이정표"" 韓주주행동주의, 하버드 경영대 수업서 다룬다",아시아경제,2025-11-06 10:00,naver_news_list_20251106_s402_p4.html
기업,402,277,0005675364,https://n.news.naver.com/mnews/article/277/0005675364,"토비스, 전장 디스플레이 사업 인적분할…""기업가치 재평가 추진""",아시아경제,2025-11-06 09:59,naver_news_list_20251106_s402_p5.html
기업,402,015,0005207737,https://n.news.naver.com/mnews/article/015/0005207737,"미래에셋증권, 3분기 영업익 2228억…전년비 39.9% 감소",한국경제,2025-11-06 09:59,naver_news_list_20251106_s402_p5.html
기업,402,009,0005585531,https://n.news.naver.com/mnews/article/009/0005585531,"넷마블, ‘프로젝트 옥토퍼스’ 글로벌 퍼블리싱 계약 체결",매일경제,2025-11-06 09:58,naver_news_list_20251106_s402_p5.html
기업,402,008,0005274296,https://n.news.naver.com/mnews/article/008/0005274296,"아이온큐, 3분기 매출 222% 급증…강력한 실적에 주가 4% 상승",머니투데이,2025-11-06 09:50,naver_news_list_20251106_s402_p5.html
기업,402,014,0005430518,https://n.news.naver.com/mnews/article/014/0005430518,"우리투자증권 ""개인형 IRP 원리금비보장 5년 수익률 업계 최고""",파이낸셜뉴스,2025-11-06 09:47,naver_news_list_20251106_s402_p5.html
기업,402,014,0005430513,https://n.news.naver.com/mnews/article/014/0005430513,"에이프로젠, 허셉틴 바이오시밀러 임상전략 재편 “글로벌시장 진입 가속화”",파이낸셜뉴스,2025-11-06 09:41,naver_news_list_20251106_s402_p5.html
기업,402,215,0001229796,https://n.news.naver.com/mnews/article/215/0001229796,MSCI 에이피알·HD현대마린솔루션 편입…오리온은 빠졌다,한국경제TV,2025-11-06 09:38,naver_news_list_20251106_s402_p5.html
기업,402,008,0005274287,https://n.news.naver.com/mnews/article/008/0005274287,"에이프로젠, 허셉틴 바이오시밀러 임상전략 재편…글로벌시장 진입 속도",머니투데이,2025-11-06 09:38,naver_news_list_20251106_s402_p5.html
기업,402,277,0005675332,https://n.news.naver.com/mnews/article/277/0005675332,"[클릭 e종목]""감성코퍼레이션, 국내+중국 고성장 구간 진입""",아시아경제,2025-11-06 09:29,naver_news_list_20251106_s402_p5.html
기업,402,018,0006157289,https://n.news.naver.com/mnews/article/018/0006157289,개미들 유망 바이오 비상장주 직간접 투자…BDC로 ‘활짝’,이데일리,2025-11-06 09:27,naver_news_list_20251106_s402_p5.html
기업,402,008,0005274270,https://n.news.naver.com/mnews/article/008/0005274270,"테슬라, 운명의 주총 D-1 주가 급반등…샤오펑 AI 모방 전략 덕?",머니투데이,2025-11-06 09:21,naver_news_list_20251106_s402_p5.html
기업,402,015,0005207699,https://n.news.naver.com/mnews/article/015/0005207699,"한성크린텍, 삼성전자 평택공장 설비공사 수주 소식에 '上'",한국경제,2025-11-06 09:21,naver_news_list_20251106_s402_p5.html
기업,402,014,0005430473,https://n.news.naver.com/mnews/article/014/0005430473,"카카오뱅크, 실적 모멘텀 약세구간 지속…목표주가↓-LS證",파이낸셜뉴스,2025-11-06 09:14,naver_news_list_20251106_s402_p5.html
기업,402,008,0005274266,https://n.news.naver.com/mnews/article/008/0005274266,"이니텍 ""스테이블 코인 케이알윈, 13일 가상자산 거래소 비트마트 상장""",머니투데이,2025-11-06 09:13,naver_news_list_20251106_s402_p5.html
기업,402,014,0005430472,https://n.news.naver.com/mnews/article/014/0005430472,"LG유플러스, AI 사업 전개 가속화...목표가 1.5만→1.8만 -현대차證",파이낸셜뉴스,2025-11-06 09:13,naver_news_list_20251106_s402_p5.html
기업,402,014,0005430467,https://n.news.naver.com/mnews/article/014/0005430467,"유안타증권, '금융센터도곡본부점 투자설명회' 개최",파이낸셜뉴스,2025-11-06 09:10,naver_news_list_20251106_s402_p5.html
기업,402,014,0005430466,https://n.news.naver.com/mnews/article/014/0005430466,"삼성운용, 'KODEX 반도체 투자전략' 웹세미나 개최",파이낸셜뉴스,2025-11-06 09:09,naver_news_list_20251106_s402_p5.html
기업,402,277,0005675310,https://n.news.naver.com/mnews/article/277/0005675310,"""美 산업 구조적 전환기…로봇·헬스케어·첨단안보 주목""",아시아경제,2025-11-06 09:09,naver_news_list_20251106_s402_p5.html
기업,402,009,0005585482,https://n.news.naver.com/mnews/article/009/0005585482,"“여의도 증권맨, 업비트에게 코인 배운다”…NH證 PB 1호 ‘업클래스’",매일경제,2025-11-06 09:04,naver_news_list_20251106_s402_p6.html
기업,402,008,0005274259,https://n.news.naver.com/mnews/article/008/0005274259,"오르비텍, 소액공모 유증·CB 재매각…체질 개선 유동성 확보나서",머니투데이,2025-11-06 09:03,naver_news_list_20251106_s402_p6.html
기업,402,008,0005274257,https://n.news.naver.com/mnews/article/008/0005274257,"한성크린텍, 삼성전자 초순수 EPC 수주…HBM 생산라인 투자 확대 수혜",머니투데이,2025-11-06 09:02,naver_news_list_20251106_s402_p6.html
기업,402,014,0005430459,https://n.news.naver.com/mnews/article/014/0005430459,"[속보] 코스피, 2.2% 오른 4092.46 출발",파이낸셜뉴스,2025-11-06 09:02,naver_news_list_20251106_s402_p6.html
기업,402,015,0005207674,https://n.news.naver.com/mnews/article/015/0005207674,"""카카오게임즈, 신작 부재로 적자 지속…목표가↓""-미래",한국경제,2025-11-06 08:59,naver_news_list_20251106_s402_p6.html
기업,402,014,0005430451,https://n.news.naver.com/mnews/article/014/0005430451,"""실적 서프라이즈에 관세 완화까지""-SK바이오팜 목표가↑-IBK",파이낸셜뉴스,2025-11-06 08:57,naver_news_list_20251106_s402_p6.html
기업,402,008,0005274247,https://n.news.naver.com/mnews/article/008/0005274247,"한국첨단소재, 산업부 주도 'K-양자산업 연합' 발대식 참여",머니투데이,2025-11-06 08:54,naver_news_list_20251106_s402_p6.html
기업,402,008,0005274244,https://n.news.naver.com/mnews/article/008/0005274244,"""달바글로벌, 수출 다변화 이상 無…주가 조정은 매수 기회""-NH",머니투데이,2025-11-06 08:53,naver_news_list_20251106_s402_p6.html
기업,402,008,0005274242,https://n.news.naver.com/mnews/article/008/0005274242,"사토시홀딩스, 양자보안 드론 플랫폼 CES 사이버보안 혁신상 수상",머니투데이,2025-11-06 08:51,naver_news_list_20251106_s402_p6.html
기업,402,277,0005675271,https://n.news.naver.com/mnews/article/277/0005675271,"사토시홀딩스, CES 2026서 사이버보안 부문 혁신상 수상",아시아경제,2025-11-06 08:48,naver_news_list_20251106_s402_p6.html
기업,402,015,0005207671,https://n.news.naver.com/mnews/article/015/0005207671,'검은 수요일'에도 네이버 웃었다…폭락장서 홀로 들썩인 까닭 [종목+],한국경제,2025-11-06 08:48,naver_news_list_20251106_s402_p6.html
기업,402,001,0015726921,https://n.news.naver.com/mnews/article/001/0015726921,"NH투자 ""달바, 비용 확대로 3분기 실적 부진…목표가↓""",연합뉴스,2025-11-06 08:44,naver_news_list_20251106_s402_p6.html
기업,402,277,0005675265,https://n.news.naver.com/mnews/article/277/0005675265,"[클릭 e종목]""LG유플러스, 견조한 주가 흐름 예상…목표가 유지""",아시아경제,2025-11-06 08:44,naver_news_list_20251106_s402_p6.html
기업,402,277,0005675248,https://n.news.naver.com/mnews/article/277/0005675248,"한성크린텍, 반도체 슈퍼사이클 수혜 본격화…삼성전자 초순수 시스템 수주 확보",아시아경제,2025-11-06 08:34,naver_news_list_20251106_s402_p6.html
기업,402,008,0005274235,https://n.news.naver.com/mnews/article/008/0005274235,"LG유플러스, 주당 배당금 상향 전망…외인 선호 이어질 것-신한",머니투데이,2025-11-06 08:33,naver_news_list_20251106_s402_p6.html
기업,402,008,0005274234,https://n.news.naver.com/mnews/article/008/0005274234,"할인 찬스에 줍줍?… SK하이닉스, 프리마켓서 61만원 '돌파'",머니투데이,2025-11-06 08:32,naver_news_list_20251106_s402_p6.html
기업,402,277,0005675245,https://n.news.naver.com/mnews/article/277/0005675245,"한국첨단소재, 산업부 주도 'K-양자산업 연합' 발대식 참여",아시아경제,2025-11-06 08:28,naver_news_list_20251106_s402_p6.html
기업,402,015,0005207661,https://n.news.naver.com/mnews/article/015/0005207661,코스피 '와르르' 무너졌는데…AI 열기 식자 '뭉칫돈' 몰리는 곳 [분석+],한국경제,2025-11-06 08:28,naver_news_list_20251106_s402_p6.html
기업,402,018,0006157187,https://n.news.naver.com/mnews/article/018/0006157187,"‘아기상어’ 더핑크퐁컴퍼니, 일반 공모 돌입[오늘 청약]",이데일리,2025-11-06 08:28,naver_news_list_20251106_s402_p6.html
기업,402,008,0005274233,https://n.news.naver.com/mnews/article/008/0005274233,"NAVER, AI 전략 광고매출로 이어져…목표가 '35만원'-교보",머니투데이,2025-11-06 08:27,naver_news_list_20251106_s402_p7.html
기업,402,009,0005585457,https://n.news.naver.com/mnews/article/009/0005585457,"“NAVER, 내년 AI 에이전트 출시 효과 기대”…목표가↑",매일경제,2025-11-06 08:27,naver_news_list_20251106_s402_p7.html
기업,402,015,0005207658,https://n.news.naver.com/mnews/article/015/0005207658,"""SK바이오팜, 관세 리스크 해소 따른 주가 재평가 기대…목표가↑""-IBK",한국경제,2025-11-06 08:19,naver_news_list_20251106_s402_p7.html
기업,402,001,0015726884,https://n.news.naver.com/mnews/article/001/0015726884,"IBK투자증권, 한화솔루션 목표가↓…""4분기 추가감익 예상""",연합뉴스,2025-11-06 08:13,naver_news_list_20251106_s402_p7.html
기업,402,018,0006157166,https://n.news.naver.com/mnews/article/018/0006157166,"SK바이오팜, 실적 서프에 관세 리스크 완화…목표가↑-IBK",이데일리,2025-11-06 08:13,naver_news_list_20251106_s402_p7.html
기업,402,277,0005675229,https://n.news.naver.com/mnews/article/277/0005675229,"[클릭 e종목]""카카오뱅크, 이익 연결 고리 약화…투자의견·목표주가↓""",아시아경제,2025-11-06 08:04,naver_news_list_20251106_s402_p7.html
기업,402,018,0006157160,https://n.news.naver.com/mnews/article/018/0006157160,"에스엠, 아시아 팬덤으론 한계... 장기 성장 모멘텀 확인 필요-iM",이데일리,2025-11-06 08:02,naver_news_list_20251106_s402_p7.html
기업,402,018,0006157159,https://n.news.naver.com/mnews/article/018/0006157159,"롯데관광개발, 카지노 고성장 따른 가파른 수익성 개선 전망-유진",이데일리,2025-11-06 08:02,naver_news_list_20251106_s402_p7.html
기업,402,015,0005207653,https://n.news.naver.com/mnews/article/015/0005207653,"한국투자증권 '사필귀정', 급락장서 바이오주로 수익 올려 [스타워즈]",한국경제,2025-11-06 08:01,naver_news_list_20251106_s402_p7.html
기업,402,018,0006157157,https://n.news.naver.com/mnews/article/018/0006157157,"네이버, 3Q 양호한 실적…성과 나타나는 AI 전략-NH",이데일리,2025-11-06 08:01,naver_news_list_20251106_s402_p7.html
기업,402,009,0005585449,https://n.news.naver.com/mnews/article/009/0005585449,"“한화솔루션, 4분기 최악의 성적표 예상”…목표가↓",매일경제,2025-11-06 08:00,naver_news_list_20251106_s402_p7.html
기업,402,277,0005675222,https://n.news.naver.com/mnews/article/277/0005675222,"[클릭 e종목]""인크로스, 4분기 실적 개선 기대""",아시아경제,2025-11-06 07:59,naver_news_list_20251106_s402_p7.html
기업,402,018,0006157155,https://n.news.naver.com/mnews/article/018/0006157155,"카카오게임즈, 기대작 출시까지 최소 6개월… '중립'-SK",이데일리,2025-11-06 07:56,naver_news_list_20251106_s402_p7.html
기업,402,015,0005207648,https://n.news.naver.com/mnews/article/015/0005207648,"""두산에너빌리티, 기대가 수주 실적으로 전환되는 중…목표가↑""-신한",한국경제,2025-11-06 07:54,naver_news_list_20251106_s402_p7.html
기업,402,018,0006157151,https://n.news.naver.com/mnews/article/018/0006157151,"ISC, 메모리·비메모리 동반 성장 지속…목표가↑-신한",이데일리,2025-11-06 07:53,naver_news_list_20251106_s402_p7.html
기업,402,018,0006157150,https://n.news.naver.com/mnews/article/018/0006157150,"한화솔루션, 올 하반기 실적 부진 전망…목표가 ‘하향’-IBK",이데일리,2025-11-06 07:53,naver_news_list_20251106_s402_p7.html
기업,402,018,0006157148,https://n.news.naver.com/mnews/article/018/0006157148,"롯데관광개발, 두드러진 수익성 개선…3Q 어닝서프라이즈-NH",이데일리,2025-11-06 07:52,naver_news_list_20251106_s402_p7.html
기업,402,018,0006157147,https://n.news.naver.com/mnews/article/018/0006157147,"두산에너빌리티, 내러티브가 숫자로 바뀌는 구간 진입-신한",이데일리,2025-11-06 07:52,naver_news_list_20251106_s402_p7.html
기업,402,018,0006157145,https://n.news.naver.com/mnews/article/018/0006157145,"LG유플러스, 해킹 의혹 해소되면 더없이 편안할 통신주-신한",이데일리,2025-11-06 07:47,naver_news_list_20251106_s402_p8.html
기업,402,277,0005675211,https://n.news.naver.com/mnews/article/277/0005675211,"국제전기, '제19회 충청북도 기업인의 날'서 우수 중소기업 특별상 수상",아시아경제,2025-11-06 07:43,naver_news_list_20251106_s402_p8.html
기업,402,018,0006157144,https://n.news.naver.com/mnews/article/018/0006157144,"달바글로벌, 3분기 실적 기대치 하회…목표가↓-DB",이데일리,2025-11-06 07:42,naver_news_list_20251106_s402_p8.html
기업,402,018,0006157143,https://n.news.naver.com/mnews/article/018/0006157143,"현대백화점, 외국인 매출 증가에 밸류에이션 재평가…‘매수’-NH",이데일리,2025-11-06 07:42,naver_news_list_20251106_s402_p8.html
기업,402,277,0005675209,https://n.news.naver.com/mnews/article/277/0005675209,"[클릭 e종목]""롯데관광개발, 3연속 깜짝 실적에도 여전히 저평가…목표가↑""",아시아경제,2025-11-06 07:40,naver_news_list_20251106_s402_p8.html
기업,402,018,0006157142,https://n.news.naver.com/mnews/article/018/0006157142,"네이버, AI 적용 늘어나며 수익성 개선-SK",이데일리,2025-11-06 07:40,naver_news_list_20251106_s402_p8.html
기업,402,018,0006157141,https://n.news.naver.com/mnews/article/018/0006157141,"한국항공우주, 록히드마틴과 미국 UJTS 참여 준비… '매수'-하나",이데일리,2025-11-06 07:37,naver_news_list_20251106_s402_p8.html
기업,402,277,0005675195,https://n.news.naver.com/mnews/article/277/0005675195,[기로의상장사]이원컴포텍①주가 부진에 CB 상환 준비…30억 유증,아시아경제,2025-11-06 07:00,naver_news_list_20251106_s402_p8.html
기업,402,277,0005675191,https://n.news.naver.com/mnews/article/277/0005675191,"예상된 단기 조정, 12월부터 상승 재개 전망",아시아경제,2025-11-06 06:53,naver_news_list_20251106_s402_p8.html
기업,402,014,0005430403,https://n.news.naver.com/mnews/article/014/0005430403,3분기 등록 ABS 발행 13.3조원...전년 대비 23.9% 증가,파이낸셜뉴스,2025-11-06 06:01,naver_news_list_20251106_s402_p8.html
기업,402,215,0001229756,https://n.news.naver.com/mnews/article/215/0001229756,"데니스, 6억 2천만 달러에 비상장 전환-[美증시 특징주]",한국경제TV,2025-11-06 05:05,naver_news_list_20251106_s402_p8.html
해외,403,018,0006158070,https://n.news.naver.com/mnews/article/018/0006158070,"[美특징주]모더나, 예상보다 선방한 성적…개장 전 상승",이데일리,2025-11-06 22:07,naver_news_list_20251106_s403_p1.html
해외,403,011,0004552927,https://n.news.naver.com/mnews/article/011/0004552927,"[글로벌 핫스톡] GE버노바, 전력 인프라 핵심 축…AI 확장기에 빛난다",서울경제,2025-11-06 18:02,naver_news_list_20251106_s403_p1.html
해외,403,009,0005585965,https://n.news.naver.com/mnews/article/009/0005585965,"3년새 70배 오른 앱러빈 … 월가선 ""비중 더 늘릴 때""",매일경제,2025-11-06 17:45,naver_news_list_20251106_s403_p1.html
해외,403,009,0005585964,https://n.news.naver.com/mnews/article/009/0005585964,"""결제망 뺏길라""…불안한 비자·마스터株",매일경제,2025-11-06 17:45,naver_news_list_20251106_s403_p1.html
해외,403,015,0005208018,https://n.news.naver.com/mnews/article/015/0005208018,"전기차 세액 공제 종료에도…美리비안, 'R2'로 반등 시동",한국경제,2025-11-06 17:40,naver_news_list_20251106_s403_p1.html
해외,403,015,0005208004,https://n.news.naver.com/mnews/article/015/0005208004,"탈모·성기능…""말 못 할 고민"" 은밀히 공략했더니 5배 '폭등'",한국경제,2025-11-06 17:33,naver_news_list_20251106_s403_p1.html
해외,403,015,0005207943,https://n.news.naver.com/mnews/article/015/0005207943,'감히 일론 머스크에 반대해?'…난데없는 불매운동에 '깜짝',한국경제,2025-11-06 16:28,naver_news_list_20251106_s403_p1.html
해외,403,015,0005207939,https://n.news.naver.com/mnews/article/015/0005207939,"""스마트폰 칩 잘 팔리는데…"" 퀄컴, 8조원대 세금 비용에 적자전환",한국경제,2025-11-06 16:23,naver_news_list_20251106_s403_p1.html
해외,403,277,0005675782,https://n.news.naver.com/mnews/article/277/0005675782,'사회주의자' 뉴욕시장의 탄생…美재계·억만장자들 축하·당부,아시아경제,2025-11-06 16:03,naver_news_list_20251106_s403_p1.html
해외,403,018,0006157670,https://n.news.naver.com/mnews/article/018/0006157670,AI 주식 붕괴시 美가계 자산 8% 증발…“닷컴 때보다 심각”,이데일리,2025-11-06 15:28,naver_news_list_20251106_s403_p1.html
해외,403,277,0005675697,https://n.news.naver.com/mnews/article/277/0005675697,'최장 기록' 셧다운 여파에 美항공길 줄어든다,아시아경제,2025-11-06 14:50,naver_news_list_20251106_s403_p1.html
해외,403,277,0005675630,https://n.news.naver.com/mnews/article/277/0005675630,"JP모건 다이먼, 맘다니 향해 ""디트로이트 시장에게 배워라""",아시아경제,2025-11-06 14:12,naver_news_list_20251106_s403_p1.html
해외,403,277,0005675631,https://n.news.naver.com/mnews/article/277/0005675631,"""젠슨 황, 대만 TSMC 체육대회 참석할 듯""",아시아경제,2025-11-06 14:12,naver_news_list_20251106_s403_p1.html
해외,403,277,0005675628,https://n.news.naver.com/mnews/article/277/0005675628,"AI 투자 과열 논란에도…Arm, 예상 웃도는 실적 전망 제시",아시아경제,2025-11-06 14:10,naver_news_list_20251106_s403_p1.html
해외,403,018,0006157467,https://n.news.naver.com/mnews/article/018/0006157467,‘AI 열풍’ 경고 난무에도…‘혁신 기회’ 강조한 ‘월가 황제’(종합),이데일리,2025-11-06 11:24,naver_news_list_20251106_s403_p2.html
해외,403,277,0005675503,https://n.news.naver.com/mnews/article/277/0005675503,"""中, 나랏돈 투입된 데이터센터에 외산 AI칩 사용 금지""",아시아경제,2025-11-06 11:11,naver_news_list_20251106_s403_p2.html
해외,403,009,0005585583,https://n.news.naver.com/mnews/article/009/0005585583,"로빈후드, 3분기 암호화폐 수익 339% 폭증…‘호실적’에도 비용 증가에 주가 하락",매일경제,2025-11-06 10:43,naver_news_list_20251106_s403_p2.html
해외,403,001,0015727100,https://n.news.naver.com/mnews/article/001/0015727100,"바비인형 제조사 주가 오른 이유는…""트럼프 관세 철회 기대감""",연합뉴스,2025-11-06 09:38,naver_news_list_20251106_s403_p2.html
해외,403,215,0001229795,https://n.news.naver.com/mnews/article/215/0001229795,차량 반도체 사상 최대 매출…8조원 세금 폭탄에 발목 [될종목],한국경제TV,2025-11-06 09:37,naver_news_list_20251106_s403_p2.html
해외,403,277,0005675297,https://n.news.naver.com/mnews/article/277/0005675297,"젠슨 황 ""中, AI 경쟁서 美 상대로 승리할 것""",아시아경제,2025-11-06 09:03,naver_news_list_20251106_s403_p2.html
해외,403,277,0005675235,https://n.news.naver.com/mnews/article/277/0005675235,"1조달러대 상장설 부인한 오픈AI ""현재 IPO 계획 없다""",아시아경제,2025-11-06 08:16,naver_news_list_20251106_s403_p2.html
해외,403,018,0006157164,https://n.news.naver.com/mnews/article/018/0006157164,위험선호 회복에도 이어지는 강달러…환율 1450원 경계감 지속[외환브리핑],이데일리,2025-11-06 08:08,naver_news_list_20251106_s403_p2.html
해외,403,277,0005675204,https://n.news.naver.com/mnews/article/277/0005675204,[뉴욕증시]AI·반도체 반등…' 트럼프 관세' 철폐 기대감에 일제히 상승,아시아경제,2025-11-06 07:16,naver_news_list_20251106_s403_p2.html
해외,403,015,0005207639,https://n.news.naver.com/mnews/article/015/0005207639,"""버블은 아직인가"" 낙폭과대 인식에 반등…마이크론 9%↑ [뉴욕증시 브리핑]",한국경제,2025-11-06 07:12,naver_news_list_20251106_s403_p2.html
해외,403,018,0006157132,https://n.news.naver.com/mnews/article/018/0006157132,AI 과열 기우? 쌀 때 사자…뉴욕증시 하루 만에 반등[월스트리트in],이데일리,2025-11-06 07:11,naver_news_list_20251106_s403_p2.html
해외,403,001,0015726782,https://n.news.naver.com/mnews/article/001/0015726782,"뉴욕증시, 고점 부담에도 일단 사본다…반등 마감",연합뉴스,2025-11-06 06:45,naver_news_list_20251106_s403_p2.html
해외,403,001,0015726780,https://n.news.naver.com/mnews/article/001/0015726780,뉴욕증시 'AI거품' 우려 떨치고 반등…나스닥 0.7%↑(종합),연합뉴스,2025-11-06 06:43,naver_news_list_20251106_s403_p2.html
해외,403,015,0005207627,https://n.news.naver.com/mnews/article/015/0005207627,"""K팝 뜨면 돈 싹쓸이""…지드래곤·에스파 잡고 주가 2배 뛴 中기업 [핫픽!해외주식]",한국경제,2025-11-06 06:40,naver_news_list_20251106_s403_p2.html
해외,403,277,0005675185,https://n.news.naver.com/mnews/article/277/0005675185,[속보] 일제히 상승 전환…낙폭 과대 인식에 저가 매수세 유입,아시아경제,2025-11-06 06:20,naver_news_list_20251106_s403_p2.html
해외,403,001,0015726761,https://n.news.naver.com/mnews/article/001/0015726761,[2보] 뉴욕증시 'AI 거품' 우려 떨치고 반등…나스닥 0.7%↑,연합뉴스,2025-11-06 06:07,naver_news_list_20251106_s403_p3.html
해외,403,018,0006157119,https://n.news.naver.com/mnews/article/018/0006157119,"[속보]美대법, 트럼프 관세 권한에 의문…뉴욕증시 반등 성공",이데일리,2025-11-06 06:07,naver_news_list_20251106_s403_p3.html
해외,403,001,0015726759,https://n.news.naver.com/mnews/article/001/0015726759,[1보] 뉴욕증시 'AI 거품' 우려 떨치고 반등…나스닥 0.7%↑,연합뉴스,2025-11-06 06:05,naver_news_list_20251106_s403_p3.html
해외,403,009,0005585420,https://n.news.naver.com/mnews/article/009/0005585420,‘200조 잭팟’ 국민연금 촉 믿어볼까…엔비디아·팰런티어 더 샀다는데,매일경제,2025-11-06 05:41,naver_news_list_20251106_s403_p3.html
해외,403,001,0015726706,https://n.news.naver.com/mnews/article/001/0015726706,"뉴욕증시, 민간 고용지표 호조에 상승 출발",연합뉴스,2025-11-06 00:23,naver_news_list_20251106_s403_p3.html
채권,404,001,0015728825,https://n.news.naver.com/mnews/article/001/0015728825,"국고채 금리, 美 경제지표 호조에 일제히 상승(종합)",연합뉴스,2025-11-06 17:16,naver_news_list_20251106_s404_p1.html
채권,404,001,0015728693,https://n.news.naver.com/mnews/article/001/0015728693,"거래소·보험연구원, 30년 국채 선물 활성화 세미나",연합뉴스,2025-11-06 16:16,naver_news_list_20251106_s404_p1.html
채권,404,018,0006157387,https://n.news.naver.com/mnews/article/018/0006157387,"“내년 ETF 투자 어떻게?”…KB자산운용, RISE 투자 세미나 개최",이데일리,2025-11-06 10:26,naver_news_list_20251106_s404_p1.html
채권,404,018,0006157370,https://n.news.naver.com/mnews/article/018/0006157370,"TIGER 코리아AI전력기기TOP3플러스 ETF, 순자산 2000억 돌파",이데일리,2025-11-06 10:09,naver_news_list_20251106_s404_p1.html
채권,404,018,0006157212,https://n.news.naver.com/mnews/article/018/0006157212,"신한 글로벌탄소중립솔루션 펀드, 1년 수익률 92.52% ‘1위’",이데일리,2025-11-06 08:41,naver_news_list_20251106_s404_p1.html
채권,404,018,0006157199,https://n.news.naver.com/mnews/article/018/0006157199,"ACE 미국AI테크핵심산업액티브 ETF, 순자산액 1000억 돌파",이데일리,2025-11-06 08:34,naver_news_list_20251106_s404_p1.html
채권,404,018,0006157168,https://n.news.naver.com/mnews/article/018/0006157168,美 금리 상승 압력 재개…145조원대 채권 대차잔고[채권브리핑],이데일리,2025-11-06 08:17,naver_news_list_20251106_s404_p1.html
채권,404,277,0005675194,https://n.news.naver.com/mnews/article/277/0005675194,[기금·공제 대해부]④리츠부터 사모대출까지… 안정 속 민첩한 행정공제회,아시아경제,2025-11-06 07:00,naver_news_list_20251106_s404_p1.html
채권,404,001,0015726482,https://n.news.naver.com/mnews/article/001/0015726482,"국고채 금리, 외국인 선물 매도 속 일제히 상승(종합)",연합뉴스,2025-11-05 17:08,naver_news_list_20251106_s404_p1.html
채권,404,215,0001229651,https://n.news.naver.com/mnews/article/215/0001229651,"배재규 한투운용 사장 ""TDF, 장기 안심투자에 적합""",한국경제TV,2025-11-05 13:04,naver_news_list_20251106_s404_p1.html
채권,404,277,0005674867,https://n.news.naver.com/mnews/article/277/0005674867,"스톤브릿지벤처스 ""역대급 수확기…회수 빅사이클 시작""",아시아경제,2025-11-05 11:29,naver_news_list_20251106_s404_p1.html
채권,404,001,0015725257,https://n.news.naver.com/mnews/article/001/0015725257,"해양진흥공사, 3억 달러 규모 포모사 채권 발생 성공",연합뉴스,2025-11-05 11:09,naver_news_list_20251106_s404_p1.html
채권,404,277,0005674631,https://n.news.naver.com/mnews/article/277/0005674631,"VC협회연수원, 글로벌 벤처투자 실무 교육 개최",아시아경제,2025-11-05 08:50,naver_news_list_20251106_s404_p1.html
채권,404,018,0006156394,https://n.news.naver.com/mnews/article/018/0006156394,"한화자산운용, 기금형 퇴직연금 '한국형 모델' 청사진 제시",이데일리,2025-11-05 08:39,naver_news_list_20251106_s404_p1.html
채권,404,018,0006156354,https://n.news.naver.com/mnews/article/018/0006156354,美 민간 고용지표 대기…2.5조원 규모 통안채 2년물 입찰[채권브리핑],이데일리,2025-11-05 08:12,naver_news_list_20251106_s404_p1.html
채권,404,277,0005674589,https://n.news.naver.com/mnews/article/277/0005674589,2000억달러 대미투자기금…채권시장 영향은,아시아경제,2025-11-05 08:05,naver_news_list_20251106_s404_p1.html
채권,404,277,0005674544,https://n.news.naver.com/mnews/article/277/0005674544,"코스피 랠리 속 ""국채도 매수기회 온다""…내년 전망은[실전재테크]",아시아경제,2025-11-05 07:00,naver_news_list_20251106_s404_p1.html
채권,404,001,0015724129,https://n.news.naver.com/mnews/article/001/0015724129,"국고채 금리, 혼조세…연일 상승세 멈추고 숨 고르기(종합)",연합뉴스,2025-11-04 17:16,naver_news_list_20251106_s404_p1.html
채권,404,277,0005674202,https://n.news.naver.com/mnews/article/277/0005674202,"핀테크 스타트업 '캐노피', 스마일게이트 등 10억 시드투자 유치",아시아경제,2025-11-04 11:24,naver_news_list_20251106_s404_p1.html
공시,406,001,0015728907,https://n.news.naver.com/mnews/article/001/0015728907,CJ ENM 3분기 영업익 176억원…커머스·영화드라마 매출이 견인(종합),연합뉴스,2025-11-06 18:24,naver_news_list_20251106_s406_p1.html
공시,406,001,0015728860,https://n.news.naver.com/mnews/article/001/0015728860,아모레퍼시픽홀딩스 3분기 영업이익 1천43억원…39% 늘어(종합),연합뉴스,2025-11-06 17:37,naver_news_list_20251106_s406_p1.html
공시,406,277,0005675824,https://n.news.naver.com/mnews/article/277/0005675824,"편의점 양강, 상반기 역성장 만회…""소비쿠폰·체질 개선 효과""(종합)",아시아경제,2025-11-06 17:05,naver_news_list_20251106_s406_p1.html
공시,406,001,0015728787,https://n.news.naver.com/mnews/article/001/0015728787,"자체 IP 성공에 넷마블 3분기 영업익 39%↑…""내년 신작 8종""(종합2보)",연합뉴스,2025-11-06 16:54,naver_news_list_20251106_s406_p2.html
공시,406,001,0015728718,https://n.news.naver.com/mnews/article/001/0015728718,KT&G 3분기 영업이익 4천653억원 '최대'…올 성장목표 두 자릿수(종합),연합뉴스,2025-11-06 16:32,naver_news_list_20251106_s406_p2.html
공시,406,001,0015728698,https://n.news.naver.com/mnews/article/001/0015728698,"스튜디오드래곤, 3분기 흑자 전환…'폭군의 셰프' 등 인기 영향(종합)",연합뉴스,2025-11-06 16:19,naver_news_list_20251106_s406_p2.html
공시,406,001,0015728629,https://n.news.naver.com/mnews/article/001/0015728629,자체 IP 성공에 넷마블 3분기 영업익 전년 대비 39%↑(종합),연합뉴스,2025-11-06 15:56,naver_news_list_20251106_s406_p2.html
공시,406,001,0015728586,https://n.news.naver.com/mnews/article/001/0015728586,넷마블 3분기 영업이익 909억원…38.8%↑,연합뉴스,2025-11-06 15:45,naver_news_list_20251106_s406_p3.html
공시,406,001,0015728570,https://n.news.naver.com/mnews/article/001/0015728570,KT&G 3분기 영업이익 4천653억원…작년 동기보다 11.4% 늘어,연합뉴스,2025-11-06 15:42,naver_news_list_20251106_s406_p3.html
공시,406,001,0015728459,https://n.news.naver.com/mnews/article/001/0015728459,BGF리테일 3분기 영업이익 977억원…작년 동기보다 7% 늘어(종합),연합뉴스,2025-11-06 15:25,naver_news_list_20251106_s406_p3.html
공시,406,277,0005675710,https://n.news.naver.com/mnews/article/277/0005675710,"BGF리테일, 3분기 영업이익 977억…전년比 7.1% 증가",아시아경제,2025-11-06 15:02,naver_news_list_20251106_s406_p3.html
공시,406,001,0015728046,https://n.news.naver.com/mnews/article/001/0015728046,롯데정밀화학 3분기 영업이익 276억원…작년 동기 대비 168%↑,연합뉴스,2025-11-06 14:14,naver_news_list_20251106_s406_p3.html
공시,406,001,0015728010,https://n.news.naver.com/mnews/article/001/0015728010,롯데칠성 3분기 영업이익 918억원…작년 동기보다 17% 늘어(종합),연합뉴스,2025-11-06 14:04,naver_news_list_20251106_s406_p4.html
공시,406,001,0015727705,https://n.news.naver.com/mnews/article/001/0015727705,"정보보호 공시 기업 절반 이상, '수정 요청' 받았다",연합뉴스,2025-11-06 12:00,naver_news_list_20251106_s406_p4.html
공시,406,001,0015727482,https://n.news.naver.com/mnews/article/001/0015727482,"미래에셋증권, 3분기 영업익 40% 급감…""회계상 착시""(종합)",연합뉴스,2025-11-06 11:04,naver_news_list_20251106_s406_p4.html
공시,406,277,0005675424,https://n.news.naver.com/mnews/article/277/0005675424,"""주력 편의점 회복""…GS리테일, 3분기 영업익 전년比 31.6%↑",아시아경제,2025-11-06 10:37,naver_news_list_20251106_s406_p4.html
공시,406,001,0015727344,https://n.news.naver.com/mnews/article/001/0015727344,에이피알 3분기 영업이익 961억원 최대…연매출 1조 확실시(종합),연합뉴스,2025-11-06 10:31,naver_news_list_20251106_s406_p4.html
공시,406,215,0001229812,https://n.news.naver.com/mnews/article/215/0001229812,"미래에셋증권, 3분기 세전이익 4,472억 원… 26% 증가",한국경제TV,2025-11-06 10:21,naver_news_list_20251106_s406_p4.html
공시,406,001,0015727247,https://n.news.naver.com/mnews/article/001/0015727247,GS리테일 3분기 매출 3조2천억원으로 최대…순이익 흑자전환(종합),연합뉴스,2025-11-06 10:09,naver_news_list_20251106_s406_p5.html
공시,406,001,0015727124,https://n.news.naver.com/mnews/article/001/0015727124,에이피알 3분기 영업이익 961억원…작년 동기의 3.5배,연합뉴스,2025-11-06 09:45,naver_news_list_20251106_s406_p5.html
환율,429,001,0015728617,https://n.news.naver.com/mnews/article/001/0015728617,"환율, 美 관세 무효 가능성에 1.7원 하락…1,447.7원",연합뉴스,2025-11-06 15:52,naver_news_list_20251106_s429_p1.html
환율,429,015,0005207844,https://n.news.naver.com/mnews/article/015/0005207844,"김용범 ""연 200억달러 대미 투자해도 외환시장 충격 없다""",한국경제,2025-11-06 13:52,naver_news_list_20251106_s429_p1.html
환율,429,001,0015727064,https://n.news.naver.com/mnews/article/001/0015727064,"환율, 트럼프 관세 소송 패소 가능성에 하락…1,440원대 초반",연합뉴스,2025-11-06 09:29,naver_news_list_20251106_s429_p1.html
환율,429,001,0015726896,https://n.news.naver.com/mnews/article/001/0015726896,강연하는 클레이 로워리 미국 국제금융협회(IIF) 부총재,연합뉴스,2025-11-06 08:26,naver_news_list_20251106_s429_p1.html
환율,429,001,0015726895,https://n.news.naver.com/mnews/article/001/0015726895,"""美 대법 '트럼프 관세' 판결, 통상 불확실성 재고조 가능성""",연합뉴스,2025-11-06 08:26,naver_news_list_20251106_s429_p1.html
환율,429,001,0015726859,https://n.news.naver.com/mnews/article/001/0015726859,"전 美 재무차관보 ""달러패권 약화? 달러 중심 질서 여전히 견고""",연합뉴스,2025-11-06 08:00,naver_news_list_20251106_s429_p1.html
환율,429,422,0000798603,https://n.news.naver.com/mnews/article/422/0000798603,韓외환보유액 세계 9위…대미 투자에 순위 하락 우려도,연합뉴스TV,2025-11-05 18:49,naver_news_list_20251106_s429_p1.html
환율,429,001,0015726590,https://n.news.naver.com/mnews/article/001/0015726590,"무협 ""스테이블코인, 무역결제 수단으로 빠르게 대체될 가능성""",연합뉴스,2025-11-05 18:22,naver_news_list_20251106_s429_p1.html
환율,429,001,0015726422,https://n.news.naver.com/mnews/article/001/0015726422,AI 거품 우려에 '검은 수요일'…주가·원화 동반 급락(종합),연합뉴스,2025-11-05 16:48,naver_news_list_20251106_s429_p1.html
환율,429,015,0005207388,https://n.news.naver.com/mnews/article/015/0005207388,외인 빠져나가자 환율 1450원까지 치솟아…7개월 만에 최고,한국경제,2025-11-05 16:20,naver_news_list_20251106_s429_p1.html
환율,429,277,0005675045,https://n.news.naver.com/mnews/article/277/0005675045,"원·달러 환율, 1450원 턱 밑까지…7개월來 최고치 마감(상보)",아시아경제,2025-11-05 16:11,naver_news_list_20251106_s429_p1.html
환율,429,001,0015726223,https://n.news.naver.com/mnews/article/001/0015726223,"원/달러 환율, 장 중 1,450원 터치…7개월 만에 최고치",연합뉴스,2025-11-05 15:51,naver_news_list_20251106_s429_p1.html
환율,429,001,0015726216,https://n.news.naver.com/mnews/article/001/0015726216,[그래픽] 원/달러 환율 추이,연합뉴스,2025-11-05 15:50,naver_news_list_20251106_s429_p1.html
환율,429,422,0000798516,https://n.news.naver.com/mnews/article/422/0000798516,대미 투자 부담에 외환보유액 10위권 밖 밀려날 수도,연합뉴스TV,2025-11-05 15:18,naver_news_list_20251106_s429_p1.html
환율,429,277,0005674893,https://n.news.naver.com/mnews/article/277/0005674893,"서학개미 자본 유출 등, 순대외자산 비율 역대 최대 수준…""韓 증시 투자여건 개선 지속해야""",아시아경제,2025-11-05 12:05,naver_news_list_20251106_s429_p1.html
환율,429,001,0015725496,https://n.news.naver.com/mnews/article/001/0015725496,"""서학개미 등에 GDP대비 순대외자산 비율 55%…원화약세 압력""",연합뉴스,2025-11-05 12:00,naver_news_list_20251106_s429_p1.html
